id,name,is_active
291cf79e-8289-4aea-b433-663239f6c492,Treymaurice Nyoni,true
f5064d39-0ef6-4eea-8795-9bfa7bcda88d,Will Hughes,true
cfa0cd66-03e4-4dac-b6ab-aaf0a86fddf8,Gonçalo Guedes,true
c570f81d-5397-4fe4-b834-a937c0058953,Henry Cartwright,true
2cb1c2d6-7875-4bca-aaf3-f9a0db2e5f2d,Bastien Meupiyou,true
4e8fb766-f0fb-40ad-8685-3a97fd449a8c,Cameron Burgess,true
dfc945e1-aaca-4013-b2b3-96e85b299423,Mason Mount,true
c97ef6e6-01cf-4873-8aa6-2aa9a640ec47,Cesare Casadei,true
8a0b53aa-a122-4ea8-8a32-fb80f11f2cdc,Virgil van Dijk,true
733bd107-f236-4471-9655-f01379c1bcc5,Reiss Nelson,true
fede430f-ca86-4467-ae60-c0f052711f2c,Garang Kuol,true
296d29ab-2b45-43d9-b404-bc523810cef2,Callum Bates,true
ef0771b9-26c5-4915-8dea-392a26f45cbe,Andrew Robertson,true
15a27285-1e19-4e00-970d-f2ca8c65d987,Maxwel Cornet,true
c12cb1c2-69c1-491d-9f1a-4ff3114525e8,Dante Cassanova,true
6980ac7f-0944-4d65-8a0e-5e9655bca90f,Amario Cozier-Duberry,true
98a9027f-96af-4214-9516-b319364983a7,Alex Murphy,true
755babc2-28eb-47e7-bda6-3c28588e49bf,Adama Traoré,true
32a1a749-cbe9-42ad-9092-e85ebfa2d361,Philip Billing,true
bec3286a-79d9-4125-ae8e-4c789e476cd5,Jacob Murphy,true
b5e6c9ad-10c2-4bff-9f45-746f6a7b3465,Martin Odegaard,true
a092bc5c-b20b-4d8f-8ed8-634e7f572b27,Divin Mubama,true
fa56513c-1a2f-44df-9b8a-f3d0d91190db,George Hirst,true
eaf2f6bc-da6a-44df-96c7-714275cd1719,Bukayo Saka,true
ae95b84b-d709-4d69-8fce-3ad10be29f4e,Luis Sinisterra,true
05a5a6ff-f492-4eb5-9719-6dcdf5e6916d,Jakub Kiwior,true
c210e153-763f-4bc6-96a7-063bc363159a,Enso González,true
fbeda0b1-fba6-4982-bc64-fcb647bdb4aa,Jean-Philippe Mateta,true
7f7fc90a-0213-4184-b84d-ce7c7d8c309d,Ben Nelson,true
23018d09-1c46-4936-9727-40496371c8b8,Morato,true
9a2e293d-d951-470a-9828-b0958d351f6a,Julio Soler,true
da7e8c4f-45b6-4982-a72a-27c5837d3b5d,James Hill,true
bc02f96a-825e-4289-a282-913dfd9ec102,Eiran Cashin,true
151b7466-31e5-4463-bf01-23ce093bf31c,Lino da Cruz Sousa,true
b1b44db6-1843-4c58-b181-d8c77e598350,Joe Gauci,true
443ab941-638e-4c49-8136-c1ffb4ca1857,Jesper Lindstrom,true
af699421-27dc-4d3b-b21f-7ab72e13a1c1,Freddie Ladapo,true
1a66fd6a-6710-4f29-a6c5-89c04a1049b0,Sam Johnstone,true
0a08f076-b5ad-40a4-ac56-0dd943858329,Mathias Jensen,true
aecff7a0-6062-45b5-86d7-0c3961793ed6,Zach Abbott,true
4dc79854-22a7-4d9a-b7e6-6b6024465d87,Marc Guehi,true
96e5f281-158d-4a4d-8dee-93ed027fa325,Aaron Wan-Bissaka,true
413566b4-ae82-4c80-aa8e-6885f89b0d3a,Nathaniel Phillips,true
a93384c0-7470-4437-9549-7000c61f9b36,Zain Silcott-Duberry,true
4c7e5c2a-dc4d-4126-a8d6-7cc8830fff8a,Archie Gray,true
28f0d67c-3eee-4d55-b744-c63484af671b,Ki-Jana Hoever,true
af860212-099b-4083-9c6b-0b667e106d07,Myles Lewis-Skelly,true
6abf2e43-7532-495b-9baa-6d4563ec960a,Tyler Dibling,true
517c88fc-d2e4-48f9-a244-13a2f0813e40,Ben Davies,true
7c1cd5dc-9bd6-4518-b5a5-b90251db72a2,Santiago Bueno,true
12d85374-64db-40ed-b677-c23eae6ec21c,Yunus Konak,true
ab460977-65fb-434c-8333-a420e23169cc,Dominik Szoboszlai,true
85560e36-f11f-4635-b01b-aa5dbbf39dfe,João Gomes,true
4e88efdd-64b0-46e7-a45c-243bdff94aca,Bilal El Khannouss,true
2658a869-5abe-4742-8aee-9b077e84eb37,Carlos Alcaraz,true
be00977b-d686-4932-8288-db6993f55a4b,Antony,true
c71d2ed6-c4f9-4cb5-9d6d-8b41d839ba2a,Harry Clarke,true
9603c272-8f64-46b5-9d41-c1a8f99b5b94,Vítor Manuel de Oliveira Lopes Pereira,true
ca2fad3c-7b24-4564-b856-18eaa1454bb8,Bart Verbruggen,true
84e499c3-6bed-49fa-8949-8b304244139f,Will Lankshear,true
bebb07d8-294d-405e-bf59-07c9bbb7e1d6,Issa Kaboré,true
c75af093-e51e-4ddf-b1fd-d1daaf9ec36b,Emmanuel Dennis,true
b1c6dee8-393c-44d5-aab5-3369c66cf4a6,Yerson Mosquera,true
e4e24720-d2ab-4a3b-a489-6cd5d1114cfd,Aaron Ramsdale,true
0479f281-b698-4aba-ac40-86fedaa3eddf,Harrison Reed,true
81e49fc3-08a4-4a4c-a132-473f95662522,Ange Postecoglou,true
ff210445-02b1-4677-9041-2f4d71ca9d5b,Fraser Forster,true
a9ad7230-d935-4f38-a564-7f3e9173e3fb,Ricardo Pereira,true
e45d7534-4746-4bad-a959-a6cbf37edec1,Tyler Fredricson,true
d11092d2-02a1-483d-8581-ce070c6c41d9,Guido Rodríguez,true
5595fcf5-6ff7-43b4-808d-b35fd4ef7ffd,Ferdi Kadioglu,true
657110e7-2562-4b51-83bf-69551e37f8c1,Kyle Walker,true
152452e6-1e36-4c7b-b9aa-15d38bd2fcbb,Bernardo Silva,true
0f18b700-59c1-408d-bebb-69524169d4a4,Mark Travers,true
5352a53c-371e-42ed-a345-bdcc7230af37,Levi Colwill,true
7aaf79cc-c65b-4e01-bd0d-fc5bd58bece6,Jeffrey Schlupp,true
44241170-8423-49f8-85bb-deb69ddfa48f,Ethan Pinnock,true
4847b21e-dbd9-4565-90d5-ae0c6f3b0e88,Dominic Sadi,true
b05706ef-9a2e-4a33-aad3-c149d2dffee1,Julián Álvarez,true
b90def95-9562-42fd-b58c-8fac67adb479,Alex Iwobi,true
16c6ef10-235f-47b8-91ac-7dae8c0292bc,Victor Kristiansen,true
ad3900af-fef7-4545-99c0-dc7158e97e3a,Ethan Wheatley,true
1c5ff361-4a45-48ba-b2e2-55c967518fac,Kobbie Mainoo,true
c2376744-d688-4b78-8331-b916fe78d2d4,Hannibal Mejbri,true
5167d7b8-c362-4ebd-8d34-fc379f6ecaa3,Son Heung-Min,true
830feb86-402a-4daf-affa-3f675202527d,Jadon Sancho,true
cde448c3-c413-4852-ae1a-1a4fbac7e91a,Ederson,true
47b4493f-b6d6-4ad3-994f-85fff1906e2e,Cameron Humphreys,true
d6be337c-9102-4aba-acf1-a150cba17751,Omar Richards,true
d55f4f7d-068b-4c69-9cf2-de621d1d85ea,Sander Berge,true
8318a5ef-20aa-4111-a203-80bf0226adf0,Jeremy Sarmiento,true
dac09667-7631-4ead-95e7-53d1a814d4f1,Mads Roerslev,true
78cef93a-5d90-47df-ae43-9951588f6c59,Bryan Gil Salvatierra,true
a7f69c5f-2404-4f5c-af99-f4ab747da321,Josh Dasilva,true
0c265a4a-81e6-46d2-b15f-1160dc3515ea,Kosta Nedeljkovic,true
3524e956-da58-4413-8c62-2c9be93e74aa,Ben Godfrey,true
67150f6f-4550-46e1-ab06-5be560ba9de2,Taiwo Awoniyi,true
2e9ab3a1-b490-479c-ba94-45eeb1b7bca8,Omari Hutchinson,true
f18cd524-27df-453e-a1ff-a354597fc676,Jean-Ricner Bellegarde,true
bfd0282a-2b61-49c9-98e7-a2f22f330e82,Ola Aina,true
2b89fbfc-2cd4-463a-b820-5ce296c75695,Coby Ebere,true
f614f8c3-7444-4fea-b27a-84434634c3c8,Kim Ji-Soo,true
ef27dda9-b74d-4e05-a474-3ce88f01963e,Jamaal Lascelles,true
1e46a4d9-cd92-4103-ae5d-7b19e745dcd1,Taylor Harwood-Bellis,true
7f160bcd-c48f-454e-bd10-5d13e7b7a608,Emil Krafth,true
34fd9fbe-964e-4832-8c52-b64dac780c07,Luis Guilherme,true
e1a5293d-11cb-4154-a20c-75d19e4a3ffb,Tom Cairney,true
227b061b-86ff-48a9-ac03-db0cfec93961,Miguel Almirón,true
449e9cef-9d16-4746-b7ed-c80f87304b3e,Conor Coady,true
1c5fa20c-00ba-4c53-9c42-702c7fc4a517,Caleb Wiley,true
babad0a4-ef7c-4e3c-804d-048bdc6c91d4,Richarlison,true
d7b7e799-d34b-45a5-9e63-719d4300cb4e,Danny Ings,true
4740a0a4-ae26-4421-9b41-4652ab59e9dd,Luca Williams-Barnett,true
4dba7c71-3721-48b7-8d06-f7a97d1e654c,Rodrigo Bentancur,true
3ce8a9da-92b0-4f78-aab5-c56fd203b57c,Trevoh Chalobah,true
d8b9c0eb-e865-4c82-937b-618e8ee12bee,Thomas Frank,true
8f5b6126-8cee-4eda-9580-a85fb023a7b4,Eberechi Eze,true
4bca5822-74d2-4237-a2ee-0de9bd1aa8fb,Welington,true
f82e53d7-605b-4a3d-8ce6-b28823b60aa1,Caoimhin Kelleher,true
bd24fd1b-4cc3-4e5b-94df-1325598ea4eb,Ben Winterburn,true
106be257-c769-429d-8343-e6a75dd3b6dd,Tosin Adarabioyo,true
c223afda-87c1-48ff-af73-e6826c02b2c2,Jarell Quansah,true
ce62388b-1e0c-4716-9ef9-f66df6b5afd5,Ben Broggio,true
fc704d7e-8009-40bc-abf4-077d5caf1a2a,Luke Harris,true
35abb6ba-fa65-4591-b6f1-295bd4189044,Dean Henderson,true
d42c2826-d545-4a47-817c-ee3627d4c9ad,Juan Larios López,true
59be428e-1815-4299-87d2-45631e20edfd,Gustavo Nunes Fernandes Gomes,true
e3a78660-310f-4ed3-b4b7-77beca004592,Jefferson Lerma,true
a3839c5a-f87e-48df-9a8d-dc0bc957b87b,Chris Wood,true
285a763c-d124-443b-acd8-10f0b8778b8f,Mason Holgate,true
ae32d960-6ef2-49be-9ddb-fb32ac08929d,Tawanda Chirewa,true
ea2a7a09-c8ae-430a-bf6f-dd514154e543,Joshua Zirkzee,true
fa7f3fbe-f1a1-4944-a63f-c28478e8c6e7,Alex Scott,true
4991dc0c-e021-4050-a305-fda2b44a000e,Timo Werner,true
59b3d929-b40d-4651-8fcd-5e707a202324,Kortney Hause,true
76b5f523-e1e4-4481-9a18-8d299f9ea58f,Conor Townsend,true
8a91131c-7abc-4a79-9928-11420d27ee47,Sékou Mara,true
23ceeab7-83a7-41b5-895a-8a8ba6669fe0,Sávio,true
5df08c11-5708-49a1-b677-3a4f70a17f17,Altay Bayindir,true
ead63654-eecf-4f63-95af-a1bf48816879,Sil Swinkels,true
a1b20c33-8ecf-4938-9172-30cedbb9dc97,Remi Matthews,true
84fa1217-2dbe-4acc-a446-1f78327fe989,Conor Gallagher,true
950e3371-a25a-45cf-8725-2c37eea9fd9c,Paul Onuachu,true
02d7c5e2-e436-461b-95e5-853765be5a86,Kurt Zouma,true
e50c5cc9-96ec-4516-9832-495fcfe30df1,Scott Carson,true
159a70a6-77c4-49e0-974f-019d3e6ab615,Fabio Carvalho,true
d842734c-dc20-4df7-a6df-b5785833af46,Romelu Lukaku Bolingoli,true
f7aa5c64-8487-4dfa-ab29-01c4d8c10eb6,Dwight McNeil,true
3c733308-8ffb-4ef6-b24b-81ae97163f7f,Jack Stephens,true
24856358-7d92-4e14-b210-690d1379cbce,Mateusz Lis,true
e8498d0b-a80e-4f2c-a7d5-4744ba79699e,Diego Gómez,true
205e17ad-76e5-4a8a-ba2d-17e068f39ce2,Jack Hinshelwood,true
4b659083-76f4-4acf-94f2-c067fbae05f5,Justin Devenny,true
eb3d8a2a-7b37-4016-9290-68b9cccc21ec,Ismeal Kabia,true
eed618bc-4fff-431a-8342-6e56d6875fda,Wataru Endo,true
709d3031-90a5-4a10-ace0-73b80225cb0f,Sean Longstaff,true
ddbb6b67-0242-47e5-9af0-072b452429d2,Amadou Onana,true
16247559-28c9-47cb-849e-b0c75c2240b7,André,true
9dc9d7d5-adb7-4d08-afb8-4b30b62c446d,Niclas Füllkrug,true
b6732bbc-09ba-4c3e-a535-861fd96488bc,Odysseas Vlachodimos,true
f80af03e-0c06-492f-b2f8-3af6e47da055,Bobby Reid,true
a21fec65-1718-44e4-a9e7-8b4ba2c6abdb,Omar Marmoush,true
da40d2fc-9fb1-4653-874a-386c8feae25e,Crysencio Summerville,true
b340a5b0-42ae-4f2a-8096-1b227edae50a,Elliot Anderson,true
060747da-f457-488e-b411-04b14d664ddb,Gabriel Martinelli,true
241bad0e-8d84-406c-88c3-040c8b9a8de7,Neto,true
4b2db969-8d0c-4c21-a939-0063ae590662,Ben Chilwell,true
db5c0678-2734-4ed9-81cb-218e7a0a089b,Harry Amass,true
0552be44-9d74-4958-b8ba-3b4d84ed57b9,Ollie Watkins,true
b45dc1be-2cff-43c5-9659-ce1274c92394,Marcus Bettinelli,true
df90c1df-cea3-4ce1-a852-b6918e5472e0,Yukinari Sugawara,true
8212e83e-299a-4fe2-b598-7e466a9e0621,Casemiro,true
86a8b7af-747c-4791-8f50-dc0403622b73,Micky van de Ven,true
8a5a085d-5110-4f8e-87d3-1fdb384d8533,Marcus Rashford,true
b2542e3f-f727-4be7-b102-499d813f28f3,Andrew Moran,true
d7c96669-436e-4944-b54d-59695cfd26c6,William Osula,true
f1bcd20b-b791-474b-90b7-c5552694b80c,Filip Marschall,true
a57c573b-9e52-4560-8f92-cfbd45ad8f34,Daichi Kamada,true
8c8cc68d-e4da-41c6-8716-a17bb3f8529e,David Raya,true
b4488bc0-e064-48b7-b498-c58aa2b1836f,Álex Moreno,true
cc9f6cec-99d5-4243-9648-f83c036bb95f,Daniel Iversen,true
7d6c012b-085f-4746-9ddb-bfea5a0a66ba,Jonathan Panzo,true
bfa1586d-9b41-4dc1-adf4-2435f827fd65,Sammie Szmodics,true
1593b0e8-5e6e-4ee0-97dc-c59996945458,Shumaira Mheuka,true
18f7fdd3-0f36-40e5-af7d-f002263d0021,Andoni Iraola,true
fa82c104-4bb4-44ea-99ba-197e7b9b54e2,Julián Araujo,true
b5c70b43-633a-49a1-ab06-a61714748395,Alfie Gilchrist,true
1612fa1c-cb9b-4980-837e-d768f86b0886,Simon Adingra,true
7c870cd7-9d1e-4b81-bd53-117b5ce27c54,Dejan Kulusevski,true
e1d9a973-35a1-4fba-9980-59ebf61233f0,Alfie Pond,true
357b7d84-e65a-4563-88ab-112294f2872e,Ashley Phillips,true
f2114ba7-f7b6-4935-8cce-503ef22d76a7,Hákon Valdimarsson,true
cc48ff04-fda2-4ab5-b65d-7a7fe526fb2f,Moisés Caicedo,true
2456c5b8-e6c9-4ea3-9269-41f7c6216476,Neco Williams,true
497e140c-b603-4399-abb4-81cfb4a38b39,Mario Lemina,true
43d10f61-0a63-49f2-9406-cc65de429029,Federico Chiesa,true
b93ca236-804e-4f10-b605-353e9f3efadb,Arne Slot,true
7849794b-38c4-4a91-a8ac-2e75a038bbc4,Jacob Slater,true
15e3327c-f62f-4c59-a1e2-01eeabc58e9b,Takehiro Tomiyasu,true
a8573c60-489b-47da-b482-21fcbb55d536,Jaidon Anthony,true
3acb44ae-5b2f-45c5-9869-84d7afbc168f,Naouirou Ahamada,true
6633980b-dbfe-40f9-93c6-6f1d87eb16b8,Matai Akinmboni,true
e82f741c-7aaf-4807-bbfc-ce5f4a0d98b9,Jarrod Bowen,true
7eb721cb-3e6b-4f7a-8619-396390087e74,Chiedozie Ogbene,true
2dd27713-180e-4968-9181-39e5436553d5,Wout Faes,true
1ae7f23c-458b-4bbf-8b00-9eb6a8d3a2b2,Ross Barkley,true
a069f5be-d6c1-498b-9a29-e6df5d0618de,Hubert Graczyk,true
0770e266-9633-4bd7-9e25-b218ce04a2f4,Alisson,true
4ed2bd00-dba2-458c-a4d3-1ffd9fbd8736,Carlos Miguel dos Santos Pereira,true
a813d09b-3694-4714-b863-bb5997ef8f43,Fabian Schär,true
6532b4fe-afc3-4fea-a648-f7a83cb442db,Edson Álvarez,true
493f278e-a61c-4a7b-bfbc-b7ae9d3926fb,Joseph Gomez,true
881f4ab3-adab-4461-9561-4a736a1d3e31,Nikola Milenkovic,true
56fbd80c-25cf-49fc-a56c-05a17c1e73b7,David Datro Fofana,true
5c12b7ca-9d61-46d9-93a7-0aa3abd6eea2,Ben Doak,true
c97405ef-b463-4908-bb8b-f2186b90ba21,Iwan Morgan,true
93439586-35e5-42ba-87fc-18707d455db5,Jenson Metcalfe,true
09ac0f9f-da53-4612-b17d-c91969bc0623,Asmir Begovic,true
d4235334-c064-4526-a005-9dfe729c1c94,Luke Cundle,true
4a161504-a54e-4f71-980c-76258773e5ea,Daniel Muñoz,true
22e7a380-ba57-4e49-a5fe-81f87c540017,Jayden Danns,true
a9551960-d7f9-4af5-848c-cb5e73d73e6b,Sasa Lukic,true
f8d026d5-43d1-43c8-aff8-8855325eeda9,Joe Ayodele-Aribo,true
0bdc54f5-493f-421e-8dd2-27a46576fb72,Josh Nichols,true
82d86330-77c1-4de3-b44c-b66f83e9287c,Boubacar Traoré,true
fef21c3b-20a9-4632-a6e3-8db0948f2205,Harvey Elliott,true
27100a56-1d73-4f98-9cab-8092707f2f4c,Malachi Hardy,true
35fc7a46-7e2f-453b-8b2e-b7f3e35f6949,Justin Kluivert,true
7958aac6-8834-478e-8351-fcad78301d6d,Scott McTominay,true
da1637e8-b587-4c57-97e9-29a83d53e283,Milos Kerkez,true
d7143196-0a70-47fd-8ce7-f372f88a1381,Adam Lallana,true
ff3ae152-e9fa-4768-a059-853e3e482bc3,Matheus Nunes,true
e1303f74-c48f-4c2c-a6f4-d83d0b329911,Ashley Young,true
58eb5b8f-a3de-4a62-9bd0-8e583a6baa0d,Karl Hein,true
44dd3d7f-ba03-4b68-8349-7dec6675e565,Will Alves,true
604bd9bd-bb7e-429a-916b-a63b3f098292,Robin Olsen,true
0c5a005b-9701-4f88-9686-5ca6d9d6a6d6,Ruud van Nistelrooij,true
8bf82ce7-d406-4c79-8560-1832322ecfec,Enes Ünal,true
3f65d074-7e83-47f7-9b5e-4c8a429e95ae,Mahmoud Dahoud,true
7183ccec-0ea9-4ec1-bc31-32c5a55bd384,Luke Woolfenden,true
1a05965f-6a72-43c3-8a21-5d90201b464d,Jordan Ayew,true
9e423aa4-3870-402b-bd76-cf3f0a9b66bf,Max Kinsey,true
97f710e3-4d5b-475f-b4fb-dedf2866e61d,Lewis Hall,true
6d2b823b-8112-4409-90ed-91e2a1f03ba8,João Neves Virgínia,true
049a7ce0-2122-4c95-b21b-097e3d229319,Dominic Calvert-Lewin,true
48da60a2-014b-491f-99ee-034d2e11bf48,Jack Moorhouse,true
3114f8f0-79c0-4955-ae6a-3dc31bfd90e1,Youri Tielemans,true
eda7c3a0-ea02-4530-9af8-38ded8a21bc9,Kamaldeen Sulemana,true
63c6ba11-a89d-43b5-aeea-b5cf6d9275f6,Callan McKenna,true
359d703f-5c63-4bfe-8ccc-57d4ede0b37c,Cristian Romero,true
b2956a8b-fe92-47c6-b79b-de88325f518c,Jarrad Branthwaite,true
8f24ce04-4a4b-4faa-a0c3-0ecb9e6a6d2c,Reece James,true
c3d3ae83-1510-42da-9233-2f411397d2cf,Mads Hermansen,true
dd8d4123-995c-434f-8617-1ca644f6f2d8,Tim Iroegbunam,true
958160b8-1c1b-42f6-9926-09bd848b0439,Wes Burns,true
8da8bba7-8a71-44ec-974f-0ccdec569ba0,Danny Ward,true
f9bba49a-202f-4676-8403-89b69aba431e,William Saliba,true
2f0ea22d-f760-4599-a623-60f4e3be22f1,Amad Diallo Traore,true
b335ffd3-622f-49c4-a3a3-c24d28da56a4,Mateus Mané,true
64c1604f-20e8-4f70-aca6-234467915cdb,Dan Burn,true
5d65e834-c62a-40ff-b188-49c37deb087f,Rhys Williams,true
0b0f5b5e-be7b-478d-aa23-5f619d16e5cb,Marcus Tavernier,true
3c643231-db3b-46f4-80f0-a33979f63288,Jack Grealish,true
2b064b3d-3801-4f5d-b158-269afc136611,Kyle Walker-Peters,true
4817d2cb-729d-4ed5-80b3-8ba056309bf8,Jaden Philogene-Bidace,true
45f8df16-463f-4069-948a-36689e9398fe,Nathaniel Clyne,true
4e31b963-7b67-4a50-877d-8749e28e0866,Jacob Wright,true
d3c92dd6-bb68-43a1-99a8-aef14c6d9325,Aaron Anselmino,true
b3e3ad3e-3d3d-4547-936b-63f488921d83,Jahmai Simpson-Pusey,true
3f7d0d15-bae9-4443-b8fd-602d0b46e83b,Wilson Odobert,true
b36cebaf-b61e-47db-baba-dee6e39cfa5b,John McGinn,true
6530cfe0-7569-4842-bbcf-bb9dfee916c9,Sandro Tonali,true
7faf460c-8585-4cd3-9c2b-0529b074b7a8,Carlos Forbs,true
c8c438ab-f065-4b03-9765-3002b42f3a58,Radu Dragusin,true
167d8179-f5d1-401e-b5c3-0db84283bb81,Jayce Fitzgerald,true
df86d319-d280-478c-932f-856bd0b3da34,Cameron Peupion,true
aada56f0-7a6a-4c3f-8297-9c6560186191,Christian Walton,true
605c313b-b25e-41b9-8578-b9e11a545472,Alex Palmer,true
7d0ce2be-20f7-4099-add3-2623af5b22d6,Harvey Barnes,true
74afb9cb-18dd-4e48-aaa1-2267e42b6bf7,Bernd Leno,true
f98faf93-e1aa-4c24-b12c-1140704e92eb,Marcos Senesi,true
0847dcd8-082d-4991-8913-1e3bc242dcc3,John Stones,true
0d8faf78-acfd-472f-8579-f67546f00094,Jørgen Strand Larsen,true
ad03317e-4fb2-4aba-b887-32348bcfcb2f,Chimuanya Ugochukwu,true
954cea21-640d-4ae9-80ba-685f406277dc,Jan Paul van Hecke,true
9506b6f4-6706-4010-abbd-cda04f86a649,Ryan Trevitt,true
a7c6ea10-4548-4496-be01-8385d6b36d66,Yehor Yarmolyuk,true
38eac867-ae09-4f4e-9791-9ad2c4572d42,Timothy Castagne,true
39b7e45e-ca67-43b4-bdae-fa110e16bc1a,Yasin Ayari,true
1ac76c65-0681-462c-82fa-1d7a480d9d61,Enzo Maresca,true
54bb43bc-e7aa-4943-9132-0c76a4090099,Rob Holding,true
4060db76-df24-4395-bc43-9bb5f618080e,Maeson King,true
a25c6999-1ee7-4457-ba58-e393edf3e2e1,João Félix,true
9604dbe5-ce94-417d-b75f-8c05bc946008,Michael Kayode,true
2e9610c8-836f-402c-804e-0720c93a9009,Guglielmo Vicario,true
bba082dc-e723-455d-ac6d-0d5b4006d6a5,Lewis Dunk,true
83ca5847-cede-4643-8401-ec260ed79816,Tom Heaton,true
c2d6123b-73fb-4d00-8e17-10e665a4d3a3,Fábio Vieira,true
c283ee88-d305-40e4-8002-0308c558c5ae,Ilkay Gündogan,true
5cbd1533-696d-45a7-81e3-3b1ac63b3b48,Nasser Djiga,true
6491134c-17b9-44b3-a599-bd21c9c5651f,Nico González,true
849e9e22-c994-4e94-b9d8-18e9ac8d9fe6,Thiago,true
28e50791-6f91-4e41-bc0f-4b4796f9e300,Jens Cajuste,true
1bfa136f-5bd8-40de-940d-aa8ab06b8e03,Caleb Okoli,true
8e605721-6cde-4dac-8b83-eff0db4372f1,André Onana,true
0be5f79c-8f7a-4516-9509-8e16c25fb451,Kadan Young,true
0d1a6874-c8a6-4c75-9e26-6cc146615f85,Christian Nørgaard,true
9d7e7d62-8e52-4b74-ba94-c1eb97aba0c6,William Smallbone,true
22917443-6744-4177-bcf2-288cc523b2d4,Marco Alexandre Saraiva da Silva,true
8eab6ae2-9f42-4418-ad51-fa317717924f,Orel Mangala,true
c9df79cf-d31f-41be-8415-dcba7c67b297,Malcolm Ebiowei,true
2367f968-80af-48da-99cc-896d8e179fc2,Fabio Silva,true
b0076fa1-2d94-4513-82f0-93616a4e0e84,Emile Smith-Rowe,true
6fde9f20-8252-414f-a30d-8fc120612036,Chris Mepham,true
c48c5c98-df72-4edd-acd0-85450e59269a,Eric da Silva Moreira,true
4eee3faa-33dc-49a8-9bd3-8a2463d975e0,Kenny Tete,true
2760c840-5e6f-4b46-87b3-889c2556c5e4,Samuel Amo-Ameyaw,true
8295176c-01fe-478e-a689-ff94aed0fbd1,Arijanet Muric,true
6ccd22a5-35fa-45f0-8bb0-1fe3f642daf9,Lewis Cook,true
619f6e84-31c3-4f9c-a03b-42ad670feee1,Carl Rushworth,true
38de7a0b-149d-47fc-8dc6-1a1765afcdd3,Gavin Bazunu,true
b917d372-2d17-444e-8384-8d2a9e5f8453,Yoane Wissa,true
33567cf6-0cb2-4e77-96d5-18102807b133,Lisandro Martínez,true
398e6afe-d051-47bb-936c-de955dad0612,Ryan Fraser,true
f40ca710-a641-4a8e-b003-eb74fd196192,Samuel Edozie,true
6d83c22b-4afc-4ee6-955a-39c3ef6b207e,David Moyes,true
9fc89667-620c-4a07-a188-debfe5bea8dc,Adam Wharton,true
f51c9384-294d-43c3-9361-38f350856675,Abdoulaye Doucouré,true
ae038a6e-37a4-4610-ba9e-4cb35f66b3bd,Ben Mee,true
0f24ddb4-65f2-4527-908d-a89f91277b34,Kalvin Phillips,true
320fe051-d0b5-4c7d-984b-d719a2196470,Kieran Trippier,true
47e50346-47f4-4225-b164-b93dba66e562,James McAtee,true
dbbbab45-12ce-4799-94fb-9049cf691b9a,Julio Enciso,true
7b3df638-ac76-4b0d-821d-3998dc55f16e,Mathis Amougou,true
fae871db-f1d1-46cb-9a37-a68b23418fa7,Julian Eyestone,true
173cfe8b-f489-4922-8264-22e87c1dfc62,Beto,true
2d3c3a1d-0246-49a8-b713-fb234c752389,Declan Rice,true
b6a0306c-bb5a-42f2-a3d9-399c51caa345,Daniel Jebbison,true
4ebbd927-7869-42c7-a226-2ad79d9f6b61,Hee-Chan Hwang,true
b9c2bdf4-908a-4a05-bae4-865a4626ce38,Matt O'Riley,true
fee4cf1a-2a8c-4969-a885-180b70984428,Nathan Wood,true
0409a3fd-8cb2-4687-b18b-44b737d361b9,Eddie Howe,true
770bee50-6c71-497a-a0f4-ccfa519c3ab2,Daniel Adu-Adjei,true
0a2ec5df-a9c6-434d-829a-042a0d21682f,Valentín Barco,true
d5cb588c-3883-4914-9792-2868f506396e,Ivan Toney,true
835f7409-1fdc-4b05-892f-9c4d3489f140,Malang Sarr,true
ab9f50aa-1162-48f7-9b5f-0a4c171aa52b,Myles Peart-Harris,true
508e8ec8-ad8a-4db6-a32a-a6e1e5e02541,Idrissa Gueye,true
114c54aa-c2b2-4adf-b9e3-052f9113dfdf,Willy Boly,true
d01472f7-8693-4ccd-a312-581276c12f21,Emerson Leite de Souza Junior,true
159841f0-d0bc-4c77-89c1-ff5886c01ec1,Antonín Kinsky,true
cb658622-94a6-4c72-8fc3-ee760080b729,David Brooks,true
6c3a5db1-40e5-4713-80e3-ac5a4f93821d,George Edmundson,true
3359e9ae-5151-45b4-8e0c-77a2b0623e8d,Lukasz Fabianski,true
b118bf52-b844-489f-9dbd-9062311f444a,Pascal Groß,true
9bcc4be0-a5b6-401f-9fa3-49f78f0f7594,Max Alleyne,true
978b7e27-fc49-4e82-b51b-26bc9a204756,Kaoru Mitoma,true
d0086f76-7a71-454e-9047-a5e6095d833c,Harry Toffolo,true
3b730726-1e3e-4d2a-9bc3-61177fb5d031,Nathan Aké,true
2d7896e5-bdbb-4eed-90a1-e8f82a308761,Ismaila Sarr,true
bdec436e-5a79-4ed5-9db6-0f5c66eae832,Vitor de Oliveira Nunes dos Reis,true
79a8c4cb-57b4-4560-87e0-fb36aa54d359,Abdul Fatawu,true
0b430c59-3cf0-49dc-ad6b-250815eefcc9,Moussa Diaby,true
0e7b8ecc-a699-45cb-8993-d5e32832794b,Mats Wieffer,true
e3bf9ac6-1812-4025-b85d-43b5229f43c0,Ishé Samuels-Smith,true
fe994675-7f34-4277-b6f3-6e738a132d08,Callum Olusesi,true
caaa5e05-744a-4b07-84ec-85c9f12315a7,Solly March,true
8c847126-728a-47e6-8521-13af156a6181,Matz Sels,true
2664b42e-3cf1-4aeb-ab02-1b3a3c624d41,Michael Golding,true
e428431a-3fde-4578-a858-ebdd30f20d5b,Youssef Chermiti,true
959df0a3-8c35-4bae-bb1b-679a38d24321,Malo Gusto,true
b2666900-fae2-4a8d-a1a5-44f03139866a,Ross Stewart,true
9ddf23ec-f1ed-43e6-bd0b-c40e8f383ac3,Nayef Aguerd,true
cf80e7b0-25b9-4d55-9db8-470f50abcefb,Sergio Reguilón,true
df63b4cc-23db-4b0e-b111-c978b6d7a21f,Boubakary Soumare,true
ca8f56a5-50a6-40ee-9d34-b0913f594204,Andrés García,true
d2f7294c-7df5-479c-9c9b-f550be9dda26,Luis Díaz,true
cbbe90dd-5cf3-4eca-a595-c3165a3e994e,Diego Carlos,true
253cb250-29d3-4112-a2f7-3877d5e01783,Jayden Meghoma,true
68aba9cf-c462-4266-9cc4-2f370d142616,Unai Emery,true
9f3cd734-cb60-4861-bcef-5f31aa336b54,Georginio Rutter,true
a8dc9e82-f136-46ca-add6-dd8d3f7181e1,Ryan Christie,true
02539faa-015d-44f3-9210-cfd5e296a32d,Joachim Andersen,true
4fc6dec6-7b50-4852-a52b-5ba4c7db9034,Adam Armstrong,true
240bd1fe-432e-49d6-83ce-1280bf52b496,Josh Bowler,true
0a8ab14f-a374-4492-9acc-0a1cf2fbb119,James Ward-Prowse,true
d92e7a7e-c294-4520-91d5-da6f8f36fd0a,Jack Taylor,true
67217edb-a846-4ac9-878e-2ddcc1dadfcf,Liam Delap,true
6b4855a7-de3e-4a17-8693-c969c940a17d,Tony Yogane,true
86e096b9-965f-4b13-bc0b-7dc91707f0d4,Anthony Gordon,true
826f2eb6-c024-428d-8947-35add533b2c5,John Ruddy,true
3b1771d3-ae4a-4c50-8b34-023a6d337064,Daniel Podence,true
7f9fcb74-c154-403d-bf02-0acda41108fa,Oliver Glasner,true
564732c7-d213-4b90-bae4-c6bdfdc241e3,Maxence Lacroix,true
9e499139-1482-4023-9786-1a39a293dddb,Ali Al-Hamadi,true
526f0798-fb48-4d7e-a0b0-e557a549553a,Marco Asensio,true
96b53c7a-b0b0-4b20-ab74-46f7d1c4d4d7,Ângelo Gabriel Borges Damaceno,true
27a8f115-c09a-43a6-bcfd-956843ba2268,João Cavaco Cancelo,true
3df9155a-859c-4558-b3e8-ce776b533e4b,Caleb Kporha,true
b066e645-c6a2-464e-b911-c0d83cb622ac,Matt Doherty,true
f7ea0dfa-3d4d-4280-9635-f443f045977c,Tommy Setford,true
2de4111b-3169-48a3-8e41-c9fc7e174dae,Danny Welbeck,true
bb4f6fba-13e4-4517-94d5-33224b40e9a1,Seamus Coleman,true
c35eea94-ca8c-4a5c-abb5-39a702041a48,Mathys Tel,true
9e78f47f-6da8-4013-b7a8-87b63b1e07b6,Kai Havertz,true
7299a365-c7d3-4fae-983c-d6b980719a1d,Phil Foden,true
8d592497-8619-4bea-9790-8ad55aa81bc6,Sam Morsy,true
37b199cf-d628-4c06-ac80-7337b1908bfb,Luke Thomas,true
003c34bb-f0e8-4fef-9e37-a09243dfdd5e,Hamza Choudhury,true
30b4cf70-9f70-4dd2-9b7c-bd17b8d6f129,Samuel Amissah,true
3706fb38-9c0f-4fa6-a4d3-69171dad0499,Tomas Soucek,true
7cfd35dd-1d68-4835-9e22-170717faf66c,Ethan Brierley,true
499022db-4b66-47a6-9be9-f8ba92e29786,Harry Maguire,true
1bcdf584-5210-45d0-bc11-2f10c7c5f15c,Ibrahim Osman,true
89bd4d8a-948b-40e5-8958-5c47b1c373ec,Emerson,true
987b1de6-1ff9-4545-a1db-c2953f798aec,Elkan Baggott,true
8fa61f3f-a550-4ab4-ad24-7d9a7a17436e,Wes Okoduwa,true
dc214f24-4ce7-426b-80b2-c4bd06c04aec,Willian,true
c0e3d0b0-8ab9-4301-85e4-ee12d5aa5e8b,Boubacar Kamara,true
fb90f28e-7da5-4951-9e8a-b8a35718154c,Lamare Bogarde,true
319633eb-126e-4558-bcbe-3f81634f4b5f,Max Aarons,true
23ebccb8-ad0e-46f5-97ba-973a103ec1a4,Albert Grønbæk,true
bb980a5b-6f4c-4bb4-8f85-9c682f3370c6,Oleksandr Zinchenko,true
af5e5726-fb1e-4fdb-8879-a28afd3dde17,Matt Turner,true
9d100761-36fa-4c80-91ee-fa247d9a415b,Axel Tuanzebe,true
26403f80-aee2-4a3c-8d10-b90390d5855e,Corrie Ndaba,true
9f5c0372-965f-4c09-a409-48c6e1ba28fa,Ian Maatsen,true
dd9fd6a5-55ae-4be3-9d09-f763b9cd3d0f,Jake O'Brien,true
125ec0fc-cbeb-467a-8e71-8f0ada688670,Nathan Collins,true
681c11ac-7e56-493e-9ca1-72f90b878d01,Pedro Porro,true
46b262ba-a864-4a5c-983b-8287c9e1b2c6,Curtis Jones,true
f15c7a69-783c-4c78-affb-fdaff1d4c95e,Wayne Hennessey,true
d773f228-5102-4554-a7e4-aadc6a213084,Tyler Adams,true
e642deb6-f398-4f23-8f6b-4517569c6521,Lucas Bergvall,true
da90bf95-1485-4b1f-a5fc-029e3dc29a7b,Andrew Omobamidele,true
a1b1578f-e07b-40cd-aaa3-9e626f20265b,Armel Bella Kotchap,true
614dca87-6771-4409-b1d4-230660704518,Ibrahim Sangare,true
7ec8c0ea-b6ee-431a-a977-bbde342865b4,Leon Bailey,true
3a3343ac-df8a-4423-9c8f-614fa31f7612,Valentino Livramento,true
6eb78588-fb64-4370-9014-57f422cbdcd4,Dane Scarlett,true
2fc945e5-d19c-4530-a647-863b0ea4396d,Rúben Dias,true
baf2ed33-845d-4a56-9fca-fe13e7b45853,Ryan Sessegnon,true
451e115e-1a94-4c54-9b7d-63f25fa9e973,Stefan Ortega Moreno,true
e14a60b0-c5c3-482d-9b61-01d92aeaaef5,Jordan Pickford,true
82fc8e1d-caab-4261-ac47-3ac542bd2c29,Mikel Arteta,true
6bd06b24-334f-4fdb-9746-1d98ccfcfe3f,Callum Hudson-Odoi,true
7cdd3161-7671-44b1-ba34-2c6aab483072,Konstantinos Tsimikas,true
993cd86c-f958-4193-bb2c-abdb4fab746c,Ronnie Edwards,true
a106c077-5b59-42d2-97d3-d938b4530fd4,Axel Disasi,true
809750fd-2ea8-4b4a-bce5-2e692aa3c335,Emiliano Buendía,true
081e023d-f043-4914-9923-7547e9f4e353,Leander Dendoncker,true
76b77469-699e-4ad8-a35a-05ac25881187,Josh Acheampong,true
2d73beaa-be2a-484c-9dff-1bf7927941e2,Michael Keane,true
634e753c-4227-4caf-b615-3f2d349785f9,Marc Cucurella,true
d6c64626-bc1c-4652-b242-1ae90f58bc0a,Romain Faivre,true
d02b81d6-108e-4cfd-b34b-80f3ae2382ca,Antoine Semenyo,true
c7a4d6d5-531f-45e5-902b-a002babbdb49,Alejandro Garnacho,true
e5f59f5d-d05a-4bdd-8f1d-3c47725c5b81,Romain Esse,true
1887fa3c-0dc5-448b-9cf6-a4cac5f6ae96,Jonny Evans,true
00b52884-4ac1-4ef9-aa10-735b1f7d561a,Jurriën Timber,true
0b8ecd30-19a8-4509-9f8d-09deaf8ac2ee,Kevin Danso,true
df260d38-74bc-4db1-b6a1-981114d38c59,Tom Edozie,true
892b4701-4709-4ea8-8946-85020dd7456a,Kacper Kozłowski,true
2314bccb-dc23-4fe5-815c-e30d5e6f69cf,Jannik Vestergaard,true
17e6932b-81bc-4766-bc4e-d808b06dd4c0,Oscar Bobb,true
00490f26-6814-4df9-a1a8-8f3532e6a9e0,Aaron Cresswell,true
dc327a0e-c462-4b63-bdb0-a7def1b09ab3,Craig Dawson,true
423ca461-6872-4d4c-a2fa-b78f2c02fe5b,Jack Porter,true
58fbf6e5-9ce2-410c-a1f9-e0d2f4607ad0,Yves Bissouma,true
843cf64a-f080-4263-a120-b1ac926e7d15,Joachim Kayi-Sanda,true
231b8d11-0bb6-4103-9619-3733aba936cb,Amara Nallo,true
4e66c283-49f7-466c-8daa-37668cf8f156,Benicio Baker-Boaitey,true
7045407f-356d-48d2-8736-5b310f8e703d,Frank Onyeka,true
ba35841c-cdd5-4031-b2ad-00f11cc639c9,Mohamed Salah,true
3155f865-690c-4281-b00c-fce26e784489,Mohammed Kudus,true
8f1d4346-d35a-4749-8d5f-d2d33fa49863,Mark Flekken,true
733a61fc-ca5f-4d2c-9a91-a2a5cbd3cd4e,Wanya Marçal-Madivádua,true
18518340-c700-4515-a0b4-90b371a9686e,Mateo Kovacic,true
58ecb62d-6842-4969-9c96-1eb5f5a3844e,Robert Sánchez,true
b15d2b09-385b-46e8-80b3-c9705da992b9,Jack Harrison,true
07faaa9f-d04e-4f32-bc2d-4a864df774e0,Hwang Ui-jo,true
83bf64c5-d053-4c9b-88a8-2fe044533999,Alexander Isak,true
1c660429-4643-421e-a350-ab36f78cb9a1,James Garner,true
280eaf50-a1c8-436d-bda2-2eebff373391,Tyrique George,true
6b8b5582-2403-43d5-86dd-99a590777b9d,Alfie Devine,true
7ba0ee40-1601-49e4-8f1b-b9ae33eb4456,Aaron Hickey,true
47914f38-fdf2-4070-a8e0-34617f66da30,Mateus Fernandes,true
272bfaa8-fc18-42f2-8300-f77ca505a345,Rodri,true
1aa8108c-2576-490c-87b8-944057e92dce,Viljami Sinisalo,true
cd5c57a2-8d24-4b10-9104-d67f8b87f85a,Lewis Dobbin,true
bc66bf7d-e1f5-48c5-b89d-ff0dbd008bd8,Brandon Austin,true
bdbdae70-b65b-42ef-8c71-652c3870558c,Nathan Patterson,true
2c569b38-1dd7-472f-80b7-6ec3828f627e,Leny Yoro,true
9dd5d807-1dfd-466a-8479-8ed7e06b22fb,Joe Hodge,true
b7d5d127-bdfb-497e-9767-9dee5b80a9eb,Jason Steele,true
469511da-b743-4641-8d98-42dc51b5e329,Tyrell Malacia,true
00feecc2-b82f-4759-a986-d8c283132ebb,Rodrigo Gomes,true
77f852ed-4969-4632-b499-6cfe91ddbe30,Benoit Badiashile Mukinayi,true
673743f6-2b57-4f2d-b024-440a9e0f77ce,Christian Eriksen,true
44dc201e-dc85-4982-a627-e938ddc48bc0,Victor Lindelöf,true
6d5abde7-1f76-477a-acc0-ca49a9fd4ab3,Antonee Robinson,true
3e925c5f-199b-4d4d-aef5-84d5aadb479b,Tom Cannon,true
d3ee6450-9e56-4af5-8fd2-7f580e9d4d43,Tariq Lamptey,true
5b4d8bb7-50e8-4325-9fdb-667bc1bc5677,Cody Gakpo,true
5627a160-9c95-443d-92f6-42bd33cb437c,Pape Sarr,true
a4354aa0-6616-4c4e-9a28-b91936dd3ffa,Jay Stansfield,true
6d3fb615-c3e0-4895-b384-57dcb3dc557e,Erling Haaland,true
73c21faa-876a-417f-bfbd-b5433eae68c3,Jack Fletcher,true
9d887de9-69c3-4611-b5a7-3906aa107b80,Leon Chiwome,true
9845f271-6a65-4739-b337-4358823c2b28,Nicolas Jackson,true
e91b0e7c-8bcf-4793-98ac-a875c987b69e,Nathan Butler-Oyedeji,true
71e04b79-f1a7-4123-8130-bae9732ba772,Sven Botman,true
efcb34ce-b8ec-4f6e-8f4d-3f43931a54f6,Tyrick Mitchell,true
26eaee45-f326-409e-8d39-72d972f14e96,James Tarkowski,true
cbf71d01-10fb-4ac6-9c80-58557bb4347e,Armando Broja,true
528f0d18-f132-45d6-a245-4dc41004aa90,George Earthy,true
ae553ab7-226a-49c0-827b-6652d5d1c7a0,Odsonne Edouard,true
c981a842-25d4-406d-adec-d423a19effe3,Toby Collyer,true
19503768-2c69-4c5d-b12f-316a33e22977,Min-Hyeok Yang,true
f5cd50f9-2e5a-4d0e-b89b-ccc4a01696e4,Odeluga Offiah,true
852b8e99-5abc-4f45-834c-4b82cd761841,Kiernan Dewsbury-Hall,true
56a218b5-0326-4ae2-b2f9-c21ae2995077,Andy Irving,true
a260b16c-092a-4eaa-9f5d-4a8a425a65ff,Giovani Lo Celso,true
de8ca17b-4a8b-42ea-ba45-9a7ce5271255,Bobby Clark,true
54a322fe-500f-4fe6-8649-8c4ba756995e,Cameron Archer,true
66e81d3a-1171-4863-85cf-631953b28472,Carney Chukwuemeka,true
e9cd5ef7-9417-43f8-885e-7fbb625e5f1a,Kasey McAteer,true
06bb6c3b-9a4c-4452-b53a-aff70107d7af,Billy Gilmour,true
ad4e763c-77a9-498e-bfdf-c206f8108f4c,Matheus França de Oliveira,true
7ef17fb1-41aa-4135-840c-78dab8eb0374,Hamed Junior Traore,true
908014a9-09ff-487d-947e-94b822111b08,Đorđe Petrović,true
9e503294-677d-4eb6-afa0-2e7ac9ca5e05,Isaac Heath,true
9b78a208-c2e8-4f6d-908c-f001fec8c607,Jean-Clair Todibo,true
f330910f-a62e-4853-bc6f-65d94f877321,Tom King,true
faa6df39-9f37-4a86-bb1a-58232e80156e,Tim Ream,true
4a01ead9-a90f-4239-81ba-dfabf4f0011a,Marshall Munetsi,true
629fabbd-bbde-4bae-8890-6a04ec8aae9e,Conor Chaplin,true
d38b9de7-2bbe-426b-95e8-712c23991199,Joël Veltman,true
794ce9ff-d47d-43c0-b13c-1e48807bc608,Luke Shaw,true
6b8f9b22-9763-481f-9392-5c3cf4070706,Oliver Skipp,true
0674829c-1695-4256-9435-7f330b4a594c,Jamaldeen Jimoh,true
4e9c70cd-90c8-4a6b-b724-f5ea42ed012d,Kaine Kesler-Hayden,true
80c83afd-6865-416d-b5f4-593ad9ed1f47,Ayden Heaven,true
88563d26-fdb6-4255-8558-cd35401b1e47,Leif Davis,true
0c132447-b77a-4ef3-8b76-773466c30a9f,Raúl Jiménez,true
0ef396fa-0d67-4b34-aab7-dad74779bd84,Joe Knight,true
c97b0bfd-4b19-4669-941c-8ca9e59fe530,Alejo Véliz,true
f67b8250-dee9-4e16-9acc-b8eb04a75bd6,Noussair Mazraoui,true
25e1b024-b4c4-4732-9894-b39b4415754e,Dominic Solanke,true
39590410-de16-4719-b2db-e4bd707cfaa1,James McConnell,true
b2f42ff2-77b6-4839-85b2-b21d29529489,Kaden Rodney,true
97bf024e-98d7-4f14-9b3f-7f83a23c1d26,Pedro Neto,true
5c06b0a2-21e8-4135-9ddb-12dc4df2555e,Andrey Nascimento dos Santos,true
054bd8af-0a5f-4812-8702-434f43a0fc84,Chadi Riad,true
8b635a0b-1d12-4fa1-ac09-216f20e4947c,Kevin Schade,true
bf750c15-c9ca-42de-92cd-60fd2e5f995f,Pablo Sarabia,true
21eefcd3-6c20-4e20-aebf-36f50f38fdd1,Kevin De Bruyne,true
2113ea99-01a3-4d0f-ab90-8cf8d7a22b52,Vítezslav Jaros,true
4972db25-bc19-4ce4-b020-4f5a57e3cd90,Pep Guardiola,true
ea360a6a-5ac1-4355-965c-9b1552c0b9d1,Damola Ajayi,true
a38c8aff-9fa1-4fba-9126-f5d18b077163,Conor Bradley,true
112a0eb3-0a5b-496b-b396-801917ec861a,Mikkel Damsgaard,true
51ce44f0-e7b0-4c9a-b805-231fb853d0c8,Carlos Soler,true
6e1f4c41-bcc9-4373-a593-e5f236ca9994,Diogo Jota,true
25b80080-ac68-48b9-bb31-582c69086802,Alfie Dorrington,true
d61ea56d-0474-4524-a061-9869f4ccbb19,Bruno Fernandes,true
9c3e5a68-1061-402c-ad21-25b8c26178ff,Tyrone Mings,true
6ac8f5b9-859e-4414-8eb7-ed93d2c022d2,Remy Rees-Dottin,true
af5cf8b9-58b1-4bda-a675-3bc289be18a6,Ryan Manning,true
781087f1-32b6-4c7e-ae69-ee5ef75ad7d2,Sékou Koné,true
fe136669-0afc-44f9-9800-1193f7670ceb,Raheem Sterling,true
d3f202e1-9a00-49d3-99ae-d6f6f2c25e79,Mathias Jorgensen,true
c49b3106-4c26-46c9-bbb8-4e132b81910a,Djed Spence,true
316ae259-265d-480f-93fa-4ce0f626e8b7,Eddie Nketiah,true
f0a83477-9a84-415d-a7f0-c16f464ca033,Mykhailo Mudryk,true
8702ee2f-195f-4cb2-b2af-95159eaa74d8,Ben White,true
396e1c5f-a102-4af3-a5b7-2d8ca2b3ef6f,Alexis Mac Allister,true
2b165e18-79e4-486a-8b52-f84663014f56,Paris Maghoma,true
bc7b3008-ecdf-482b-a820-20ef64676b4e,Anthony Elanga,true
46b035ea-3bfc-4c19-8e64-071f99e5ea70,Rico Henry,true
02f33067-df2b-4ccc-bf64-f76114dfdd79,Archie Harris,true
7e50df7b-2666-48ac-85ad-2ed37e8b6dcb,Lewis O'Brien,true
95d950e0-c5f8-4046-8a5e-ec4f084f4a8c,Flynn Downes,true
0be15e13-8da5-483c-a42e-ff087947359d,Jesurun Rak-Sakyi,true
49acc28c-0579-4ecf-bb09-7844ec2862b6,James Justin,true
67760d31-31ce-4910-afca-8c729c0210dd,Thomas Wilson-Brown,true
fd38c29c-1522-4d3d-a93e-66cb66d14a11,Lewis Miley,true
4df36947-8e5c-4cb4-8d24-e271e8313642,Danilo,true
e45a67bc-f818-44b2-86f1-2b2c16924a11,Evan Ferguson,true
b2c4a6df-6c1d-49ff-b4e7-1c6c0212be83,Matthew Cash,true
8d8a8e65-90ee-4e5e-9e67-279929f6005d,Adam Webster,true
99e260cf-09bc-40ed-8597-cd944af87c1e,Ruben Filipe Marques Diogo Amorim,true
afbf49b6-75a5-4592-ab2c-d08295a2a391,José Sá,true
ec123d90-15ff-49fd-8951-4e654e2bd799,Joe Lumley,true
dcc5dc32-0384-486d-9ff6-27a17f5aa700,Kieran Tierney,true
069e0b34-c880-4586-9356-708a4afbcfb5,Salah-Eddine Oulad M'hand,true
5640420e-6a7a-4897-b6cf-1906ca0ce6a5,Thomas Partey,true
205638de-4f26-42a1-98b6-f91f0bb35cdb,Jakub Moder,true
6464d7dc-b00f-4f30-95ef-28e68277b29a,Igor Julio,true
e73c83e7-3640-43d0-8c0f-f267926827fc,Godwill Kukonki,true
b4a212e5-2269-4519-9737-c540dad37345,Filip Jorgensen,true
e8a9a06b-9a2b-4bed-bbd1-d6dabfe8384a,Cheick Oumar Doucoure,true
b40b1695-7a27-4a0a-bd7a-5635abd89983,Chiquinho,true
b4d3e76d-0620-4853-b965-d10f7cac139e,Iyenoma Destiny Udogie,true
caea5c3e-561c-4856-b0bd-d1f3a2de121e,Joe White,true
8d8b3693-4c1c-41ff-a2ca-5adf8ab86188,Vitaly Janelt,true
eb6fd9d0-63c5-4080-a5ab-0e9751ec993d,Konstantinos Mavropanos,true
65af5c82-2bf4-4b3c-b0f7-49d30a717146,Nico O'Reilly,true
b771e153-5d75-49ce-8fbd-e6e1cbda6bd2,Rico Lewis,true
0f0a965d-ee11-4b11-8539-80efbdc86031,Jamie Vardy,true
a9b733b1-f28a-4ee6-9925-aacc58107500,Harry Wilson,true
8eb9c6d1-4a31-480a-84f6-823341806aef,Ben Brereton Díaz,true
1eee5051-f16f-4a8e-af4e-028517faa001,Patrick Dorgu,true
8a50219f-55c4-404b-bc89-9754e0eb85de,Ryan Yates,true
a253d98f-9eca-43f1-9015-5c8511d97c51,Vitalii Mykolenko,true
0e32e827-44c9-48a2-ba3a-a679b8ba4ca0,Nuno Herlander Simões Espírito Santo,true
d86e3efa-0331-4d5e-94c6-ec063d3fa29e,Manuel Akanji,true
c6e7ac73-23b7-4259-8695-c7198c3c43cc,Sepp van den Berg,true
f34c6bed-d548-4ed4-8e01-407f36f5ca33,Zach Marsh,true
602a32fc-f64c-41ec-93c9-32fc9192864c,Wesley Fofana,true
670f1eda-f0ed-4dad-bfdd-1e19d22820c1,Martial Godo,true
5d6d7fa0-1871-40aa-95df-b817b19c645a,Kaelan Casey,true
863d933f-eb34-417e-9a08-e4007722bc29,Neal Maupay,true
023da49d-2e7d-4907-9df5-f04db9b0fd41,Nicolás Domínguez,true
5d59ecd1-993f-4b38-ab93-5b067bf6f02d,Killian Cahill,true
92dd0330-0acf-4b03-81ca-e5bbbef686eb,Patson Daka,true
06c9080d-7207-41f4-a067-fa9ec2164b86,Michail Antonio,true
c577c0e4-163e-426f-99fc-cc4f003f9c25,Ruairi McConville,true
00304b5c-9f80-4755-9db6-70fcfb471122,Chris Richards,true
a5e18fe7-45fc-4d0a-a4f8-ae032850f68a,Issa Diop,true
3c391ec3-cacd-400c-9e80-0d013716e132,Alex McCarthy,true
36b875ed-889a-4d7f-a5e7-f57bb5b23e4e,Rasmus Højlund,true
119bb379-3aef-4f9e-8978-3e27561773b8,Trent Alexander-Arnold,true
f551e1b9-1b4f-4ee0-ab12-5b3d29f7f00e,Jacob Ramsey,true
9c3386df-0f0e-4850-abc3-108eb7eeb8f8,Ivan Juric,true
be4630e8-f0fc-4e45-ac41-d8e594cbe003,Lucas Bergström,true
c291d224-8f96-4a24-b524-cd665cdab83a,Martin Dubravka,true
8c59aeca-3be0-48e3-87f3-abc04294867e,Adam Smith,true
2e5dfd6f-2c8a-4242-bd88-71b571e78ec9,Manuel Ugarte,true
93efe74e-3c76-403d-8c67-ed7381cbe208,Stefan Bajčetić Maquieira,true
6ba5d818-aa90-44b9-8344-e76b02f48372,Marcus Harness,true
761dd69f-17b5-4966-96a2-76277e08c754,Claudio Echeverri,true
540f0a39-6138-42e1-9a82-e9f9e103619e,Josh Wilson-Esbrand,true
0e4b4858-babe-4843-a160-f05a40cb4f6c,Kieran McKenna,true
65ea922b-e24a-4073-a83f-989d52da023d,Steven Benda,true
9264f988-edf6-4115-80fe-5ab6cd0a9b04,Wilfred Ndidi,true
5105b215-ce6e-4494-93d2-f5aab4a3315a,Christopher Nkunku,true
c5cedf3c-3401-4c4a-b95a-74dcf8a51156,Ben Johnson,true
2b71ec62-c2bf-4ac3-99ab-166c358d7904,Alphonse Areola,true
c0b876d5-f9e9-4ea8-af27-9cb7687b1f92,Andreas Pereira,true
c5cf643d-e278-468a-8b57-8144d875ff4e,Ezra Mayers,true
394f611e-73b5-4779-8110-c73e3593c90f,Chido Obi-Martin,true
26ad018f-7c27-46e2-af1c-493276052c85,Matheus Cunha,true
c5fad7e1-f59b-4f5f-a1ec-adb606ea2d58,Mark O’Mahony,true
c3489e6f-c72b-463e-9e6b-19e3668f8c70,Harvey Davies,true
87c3b645-1b39-4ff6-8e5c-ee06dd89f269,Dango Ouattara,true
d1f5f863-043f-4759-adbe-9489d6df04e1,James Maddison,true
8a942902-7e65-496f-97ab-36b2020d968f,Ibrahima Konaté,true
9ddeea34-afa6-43b2-9718-40ac87c1da54,Darwin Núñez,true
8b74ab57-db22-45f4-80ce-8e5d59b3ce3b,Bryan Mbeumo,true
c4815505-10e4-4202-9b11-259a19ba8117,Tyler Morton,true
112a1260-0cb2-4248-b27b-68e25d2c087a,Lucas Paquetá,true
f14ce898-c5ce-40a4-a22c-6ef0340b5f36,Donyell Malen,true
2a008f35-80d2-45a1-b2c1-2431dec0d8cc,Noni Madueke,true
d12ed8ab-4e09-4a9f-afac-9dcd9501a86b,Harry Souttar,true
dd74e658-57fa-4e99-ac94-889f064764fa,Max Kilman,true
78b25f86-58fe-4875-b7a0-38e71d54ad53,João Pedro,true
217fc6f8-7182-4de9-b44a-3c51d0147fb9,Harry Winks,true
a9fbdbd6-784f-4f5f-95a1-f43823a8fbd2,Oliver Scarles,true
72ed2f11-f5b4-440d-992c-b69044c742cd,Oliwier Zych,true
90385cd1-1b4d-4eb7-8f0e-4ec42ec27b40,Gabriel Jesus,true
6fd4776f-ee54-4d51-b129-46efc5960c5d,Jorge Cuenca,true
4db6e7c9-53f0-477b-8730-d48f073fd549,Enzo Barrenechea,true
f6da99d0-3d76-44e8-9a59-110a23a11dce,Jhon Durán,true
b0c2ffa6-b285-425b-8eb2-c9f652427eb3,Joshua King,true
54793335-03fc-44e7-8318-5da068f63263,Joel Ward,true
31d931b3-f4b5-4f98-92ad-9c612108061d,Daniel Bentley,true
a4a003e6-5cb2-45d5-b95c-bd59f2a84743,Woyo Coulibaly,true
5ab3f06e-434d-4640-952d-0e7e998d761d,Enzo Fernández,true
8fc63c4c-fe1d-4ba7-b070-dc23c576cc89,Gabriel,true
dc4a57f5-c41d-4b7c-9911-f8c0143162c6,Kepa,true
c20d9923-e246-4057-a326-8691402cb3bd,Leandro Trossard,true
52ba12ec-f1b5-4b92-bb34-77206ee01245,Stephy Mavididi,true
a90e569f-158b-4736-a036-aad3596ed5ec,James Bree,true
f2134118-abd2-483d-ad81-b37c1203fee6,Carlos Vinicius,true
35be4ca9-a98f-41cc-94e9-0c54c64ef3db,Charlie Taylor,true
626c564d-91fd-4d3a-aa2f-067cb4e55a0e,Cieran Slicker,true
77aa20fe-a919-4504-8264-4367ff1e263b,Spike Brits,true
e7dee554-60cc-4615-8474-50c260ae95ef,Nélson Semedo,true
e7d847a5-66c9-4796-bcb7-b4211b33bb04,Yankuba Minteh,true
53f6428c-e03e-4b83-9596-03cfaf24f761,Wes Foderingham,true
f27a3540-d5e4-4dfc-864b-1eb803202eeb,Shea Charles,true
c7faa94f-b501-4af9-9045-7f3efb97be86,Matthijs de Ligt,true
9aec606f-bff2-484a-9d8f-7f4c0fe7dfaa,Keane Lewis-Potter,true
3cc8f553-6d15-4ead-8eb8-387b222c2921,Omari Kellyman,true
c7245ea9-802c-4854-a436-6d2f2e2ddf06,Marc Guiu,true
cbeb32ec-d8f8-466d-8977-017ce20d9908,Rayan Ait Nouri,true
9d0e41e9-55cd-494a-9736-f2afcd359f84,Ramón Sosa,true
dd678e0b-c375-428e-96fa-615f1dc5f283,Morgan Rogers,true
2dddc136-dd1e-4405-9609-c0692c8a7479,Lewis Orford,true
72f5b96e-a3fb-4ce0-9e0d-7e682c23055d,Samuel Rak-Sakyi,true
5eee3996-1d93-4d7b-9e06-d7dcb289c696,Mikey Moore,true
0aa06c2f-e3d9-4068-9137-b1c6aedaf268,Will Dennis,true
fd6c27e7-f130-4343-aa06-b74e8ef628fd,Lucas Digne,true
1f21671d-d143-49c8-938f-b90e1b57a10e,Callum Wilson,true
f3f1ffd9-dd26-403d-9b15-9a6d582fe278,Deivid Washington de Souza Eugênio,true
d6bb65df-f588-4aea-97a2-bcd2c3df9fed,Jack Clarke,true
08cbab83-8554-41d0-bd69-4cd420eb698c,Abduqodir Khusanov,true
0e3096fb-1a1e-4f9d-bc05-66005ec9d22b,Benjamin Arthur,true
5e017af1-fb1d-4fd8-ae6b-f20b511544e2,Alfie Whiteman,true
0f4c04eb-d670-413f-aa27-6ebea80648cb,Romeo Lavia,true
c797fded-0f6a-4bfc-86c9-b4aa6003061b,Nathan Broadhead,true
90e55f29-eaf3-45ba-b6d3-9f50aa3d550f,Facundo Buonanotte,true
6f855388-9213-4e1b-b7b6-87b8bf1f7444,Martin Sherif,true
520b1085-6580-44d1-b65c-7132e209cb65,Sasa Kalajdzic,true
f80b11d9-0005-4eed-a49f-0b013931db8b,Hugo Bueno,true
bf428111-cd34-4d6e-afd6-31e7a312dc1d,Diogo Dalot,true
2198aa01-1c6c-4ef2-a972-673503c094f7,Nathan Fraser,true
2a0ea7f1-7a66-4719-a5d0-82f4f9717c9c,Graham Potter,true
8c7c1299-a97a-4183-b666-eeeee465ec15,Joseph O'Brien-Whitmarsh,true
d0f8670d-03c3-4760-8678-d391c9455f38,Murillo,true
7ceade22-f5db-4b3e-ae20-120cd46c67cf,Josko Gvardiol,true
eafb38c1-7c4e-4b4b-bba2-85e04dc57ad0,Deniz Undav,true
d2348ee8-67e0-4a40-9a5d-c5860ad0a1ea,Jamal Lewis,true
ec207835-87ee-4056-8795-9b04f054dd05,Carlos Baleba,true
e9876fd3-9487-44e5-8c9b-9a41dcf1ac2b,Dean Huijsen,true
9e76b7ed-f9f6-489f-9c20-123fbe45111e,Maldini Kacurri,true
1b54ff2c-d9c9-4a82-95b1-83e795a5883e,Massimo Luongo,true
cab4e50f-8585-44b5-b295-fad3bc50c15b,Ezri Konsa Ngoyo,true
3858ec1b-1c61-4728-bcf3-15d955a16881,Joe Willock,true
c5a0cc29-169d-4cbd-944d-d512efd6110f,Fabian Hürzeler,true
1ea6d7fc-080b-4ca4-af8d-d56469226c16,Dara O'Shea,true
3f381c8a-eeae-4940-9b06-ea05f752e310,Morgan Gibbs-White,true
43614d52-643f-4896-bb81-935141b2adf1,Jacob Greaves,true
e52e1494-f956-4419-921b-f4e9d9125549,Asher Agbinone,true
b22ccb52-c93b-4386-b625-108d1b8c31ef,Brajan Gruda,true
8c7bb2a4-d4c5-4db8-9de0-f28ada45b0ba,Alex Mighten,true
1e61bf4c-9c83-4a69-93cd-4ebf9a80b97e,Lloyd Kelly,true
e61cb6e8-8eed-43ee-b067-95a55cb4736d,Elyh Harrison,true
c8bc0bf8-aed5-4963-af17-198388b65073,Renato Veiga,true
134b692c-b3a5-477d-ae7b-610a63bac91c,Joe Worrall,true
b7c44e29-4ef6-47a2-954c-0b60eeb245dd,Rodrigo Muniz,true
b3f99367-3da0-4c23-b896-5bb59bae87a6,Jan Bednarek,true
b6a2b8f2-e4f0-45bd-b728-1f7e74cdaf74,Pau Torres,true
77cea9fb-b868-43b2-9beb-87e8d91dd610,James Milner,true
ac9f956e-8a1e-44c5-bada-92041eda09ef,Cole Palmer,true
8e1ff5ee-c560-481e-9d65-b7c5dfce6918,Calvin Bassey,true
b017da9f-56f3-43d0-81ba-ba7a3806e0b6,Estupiñán,true
19446b56-6f52-401f-8bdc-6e5cd56bd471,Illia Zabarnyi,true
5aaeed89-dd50-43b0-8bd5-0b00ffae7428,Manor Solomon,true
250007a4-f432-4598-98bf-4d72fe2bbbaa,Adrian Mazilu,true
9949992d-a0a0-4d9e-81d6-83b903efc08c,Toti,true
51b47c65-f386-4921-97d4-2832ef428a0b,Franco Umeh-Chibueze,true
2c539cb7-0919-4d3d-9446-d2d5d7f33f9c,Emmanuel Agbadou,true
fafb8cd0-eb45-4d2f-ab0e-3bafb0e4ec74,Iliman Ndiaye,true
cd001a15-198a-444e-83bc-06bced7ba49e,Alex Paulsen,true
d55c24d3-a28a-422f-a250-d478317d3760,Imari Samuels,true
c932dd05-c46b-4c8e-bffd-ebc3be8f8402,Matt Targett,true
e7d3fa84-b7d0-432f-a17b-62dcd50dac2f,Evanilson,true
82672137-05d4-4564-82a0-ccd9a3ed62b1,David Ozoh,true
68fbd8c6-06c2-4041-8cc4-a9f44972e367,Samuel Iling-Junior,true
7fc92228-dc92-40c8-8907-f3400530fe23,Vladimir Coufal,true
980c4351-c970-4fb0-afee-8820f742de9e,Pierre-Emile Højbjerg,true
5556734b-d1e3-4f5e-94c7-813cd4bcdd56,Jéremy Doku,true
b390871c-5ff9-47b4-9fbc-8069f15ccc95,Kristoffer Ajer,true
730a90b3-4b79-474a-98d4-449bcf655b48,Mikel Merino,true
dc4e0b8b-414e-4811-ae72-8efdf9531f4d,Facundo Pellistri,true
df9d9003-755f-4e22-99b7-58ea6b16dc24,Tommy Doyle,true
423e1b12-0219-4921-9347-0631bb645a1c,Joelinton,true
bec0f8f2-2df7-40e7-87e2-c25495599010,Isaac Hayden,true
dd426201-6b0d-4e17-a9fa-639eeb2ac418,Brennan Johnson,true
4acb2de8-282d-41a8-9184-ef6a36d9c1ff,Pedro Lima,true
a54bf982-f33c-43d5-af92-0c93ea1f7d9b,Miodrag Pivaš,true
39cfc7e8-d097-4574-8da1-b39c898aaecc,Riccardo Calafiori,true
84546ac0-47e1-4932-b173-8e0f393efc0d,Emiliano Martinez,true
57d51316-9d56-4d98-9df7-f5fc936704bb,Nick Pope,true
1eb4ac7e-6158-4851-b363-d4ff6070ce72,Jota Silva,true
e4fbf4d6-591b-41f2-8ad4-11bced1b83dc,Kevin Mbabu,true
066fa6ef-4170-4327-b572-3c2ff226bc15,Roman Dixon,true
8e34adec-0f08-47ed-8f15-75fa2e47019a,Harrison Armstrong,true
701caef7-4a05-4908-8c32-05de68526194,Bruno Guimarães,true
8e9b9927-a7a9-4302-8cd0-774e1e696c78,Ethan Nwaneri,true
a8fc2239-2d31-4147-ab75-d0cac4612342,Jakub Stolarczyk,true
0dbe7e79-cbd1-44c8-b2e3-925b0070aa9b,Jorginho,true
df3a988b-b09d-4529-a70a-6bff596cff56,Ryan Gravenberch,true
45c954c5-7a8e-4420-b0d7-2cd2367743a7,Brayden Clarke,true
778353c6-4ddf-40e8-a474-96ac57b79dae,Martín Zubimendi Ibáñez,true
c9a47ffc-3016-4301-ad03-e3bcfe5043f4,Albert Sambi Lokonga,true
5dfc3e0c-26d2-47c0-b444-42500f664a8c,Cristhian Mosquera,true
2c0b785d-9175-415e-b7ee-cb10961a60a6,Viktor Gyökeres,true
8454fd25-b5e1-43c0-868e-638cea3bbabb,Max Dowman,true
a6b5ae28-d53d-4502-afe9-44c0c9db37f4,Andre Harriman-Annous,true
2b9337d7-0164-4b9e-969e-db2f0905a2cc,Piero Hincapié,true
be053f5a-34d8-4bc3-a672-da0c1dd36231,Marli Salmon,true
7e66bd94-3d78-463b-b062-cb3bf2da1cce,Marco Bizot,true
c9f8e9f1-a6b9-43d2-b510-4795ddd9351a,Yasin Özcan,true
24757ac2-400b-4dcd-974d-225337584faf,Zépiqueno Redmond,true
4c5f3a6c-b926-4546-b5a0-5f5d33fc2c89,James Wright,true
e44fd2fe-5943-44e1-9ff5-4edce556a2aa,Douglas Luiz Soares de Paulo,true
a4550d4e-f6f6-4bc2-ba98-59bb9d17b54b,Triston Rowe,true
fcb8fa2a-d72a-4a6e-93dc-15b1a2df698a,Bradley Burrowes,true
68f12412-b39c-4bd7-be8d-d2406c2b312e,Sam Proctor,true
55276dfb-832f-427c-a193-450715bf5569,Travis Patterson,true
c2cc4a44-59c2-4e9b-b724-7c670e762a77,George Hemmings,true
a90aba94-1559-4cba-b7a7-c9924d81565f,Ronnie Hollingshead,true
326ad64b-61aa-45cb-aeec-6b418032b7b0,Leon Routh,true
6ac72509-7e34-45fd-b9f8-26900e8adf0e,TJ Carroll,true
1e921cf9-1036-46eb-998c-afb94a60d6a6,Alysson Edward Franco da Rocha dos Santos,true
3be1b83a-42f2-4ae8-a257-d8157749b5c9,Tammy Abraham,true
c63e6e33-3aa3-4d23-b62b-052db893898c,Max Weiß,true
2468d2cb-1943-47c2-8ce2-d5a32bc6b63d,Etienne Green,true
327507d4-d84c-49a9-aaa0-50c547faaf64,Václav Hladký,true
67813629-ed25-456c-b9b0-7e930f1bdc21,Connor Roberts,true
0490c4f8-083a-4462-b202-ab60e507362d,Hannes Delcroix,true
5bc96f0a-9920-48bb-af9e-27451b4bc2b8,Owen Dodgson,true
8812c842-5bef-4cd1-af43-5f3723c33c62,Hjalmar Ekdal,true
4aa1d8ba-6831-42d3-a286-3938c0f8ca9f,Maxime Estève,true
9951d846-9147-4ca0-b269-27c4137a500e,Quilindschy Hartman,true
7cb6336a-336a-45cd-8c7c-36e4e503dca9,Bashir Humphreys,true
e68404d7-2152-4d57-9be8-b6ce18ba7418,Jordan Beyer,true
124db537-8df8-4353-952d-25094393b631,Lucas Pires Silva,true
b71a5acf-9c2f-48aa-8d97-648cf8f07551,Shurandy Sambo,true
5b77be6e-0bb3-457f-bad5-4403f47235b1,Oliver Sonne,true
d41a0b68-0df4-4a96-84c8-8c0ad3bc6423,Manuel Benson Hedilazio,true
515a377e-fa30-4dfa-9826-e2ce13cfa78c,Jacob Bruun Larsen,true
ac4b4494-847c-4a93-8e3b-f01261646dfc,Enock Agyei,true
28f0f650-0881-473a-992f-f226fe6347b5,Darko Churlinov,true
f6b276eb-040b-462e-829b-e92375cf6019,Josh Cullen,true
b2d79a38-4117-4421-ab94-826f5898e52c,Marcus Edwards,true
b78bc2a1-f104-4691-9ce2-2776c93df7c4,Luca Koleosho,true
b494f3b5-3cfe-4a72-b033-70c177835129,Josh Laurent,true
d2854813-72ea-4db2-b5a4-1f58d42d0e15,Loum Tchaouna,true
f6bc79c3-d0c9-41f1-8bb6-88d20ce94792,Aaron Ramsey,true
4e27e291-cc12-4140-b48d-73671c8b25c8,Oluwaseun Adewumi,true
ceabde74-5487-468d-b432-f8940c5af8e4,Jaydon Banel,true
43e9e607-27a0-46a3-8d71-2ced0f01a9fa,Mike Trésor Ndayishimiye,true
556508c1-c458-487f-859f-5ecb7a845062,Zian Flemming,true
f3c4d980-7893-46c2-b459-47f43451dad7,Zeki Amdouni,true
7d544fd0-af52-4656-ace1-4b683c3a2ff4,Lyle Foster,true
842b8fac-de5b-4fec-af54-364f3d7cd0f7,Ashley Barnes,true
0951e249-0fa6-4e11-9e2d-d1d2156f8c7f,Michael Obafemi,true
daccf845-69c5-45a4-ac54-e344ba2e8ece,Florentino Ibrain Morris Luís,true
63a1e33c-d7ef-4511-8798-9e574cfd7ccf,Oliver Pimlott,true
eb440bb2-7556-470e-9dbe-618751a5494a,George Brierley,true
c77da048-8150-4fbf-8384-899e1a9df8b4,Kian McMahon-Brown,true
751e7d9e-fd20-4d31-9e3c-5f8102f2d7c9,Adrien Truffert,true
56d2f6c5-0d4d-4a66-ae82-533f51b35299,Owen Bevan,true
c7528804-9623-4bdb-ad85-0f62c8d857c4,Junior Kroupi,true
96208a93-4ee8-40f6-a03c-a2f5d26c2388,Bafodé Diakité,true
45af936c-cd99-491c-b5c6-905c20a14ba7,Amine Adli,true
8a23bf48-4959-4df0-a5f8-f77f853305b0,Álex Jiménez Sánchez,true
c6e10f61-8f06-4028-8d03-fe524e615dee,Veljko Milosavljevic,true
522190bc-90c2-410d-85fd-e3e77951843c,Malcom DaCosta,true
b5913531-8486-40c3-bfea-b0243a1ff115,Charlie Stevens,true
487f0e75-49d1-4ab9-afe1-0bd8ecd1a25d,Alex Tóth,true
de6141f8-37cb-4837-84d5-12f916f5e8dd,Christos Mandas,true
0fcb35d0-9ca4-4e84-ae2e-8fb6afb802ef,Rayan Vitor Simplício Rocha,true
21f95d65-4e8e-4bca-9cf9-b538ac33b2bd,Ellery Balcombe,true
73b82181-685e-4e83-aec5-17d2036a8ebc,Matthew Cox,true
06a7455e-20c3-4c63-8b9f-ba883dd303a2,Benjamin Fredrick,true
fe1675f8-b283-4a0b-b6ae-ac6b2d6c5eca,Antoni Milambo,true
ce96ad9b-997d-46d3-a93d-4cb784f16ad1,Jordan Henderson,true
0b7d0441-160a-4c1b-84bb-e6cea29184b5,Romelle Donovan,true
d41f09ef-6f87-4cc1-9f1a-ee796af3d065,Kaye Furo,true
844e8fb4-8934-482c-b81a-1971b2bbd95c,Luka Bentt,true
743e28fa-6d1f-44e8-a594-c903f011ae8f,Ollie Shield,true
7dae3789-efe3-4b18-8337-da34318d94f5,Joshua Stephenson,true
8b62be21-84f4-402b-82dc-dc61764f013e,Conor McManus,true
652842ef-86ad-4d96-acb9-ad34f7f6af7a,Riley Owen,true
5daf2c6c-97ba-41a1-96ae-09570f44f903,Tom McGill,true
bfc67171-cbc5-49fb-81b9-ee7120af739d,Kjell Scherpen,true
25e894d5-5fe6-4e70-9231-eb41f5fd051f,Olivier Boscagli,true
013d5efd-ec7a-483b-be9f-0a514707655a,Diego Coppola,true
75dcd00b-3ea1-42da-bb8a-25dbb04a0866,Maxim De Cuyper,true
2dd3ddd4-7a02-47b2-a523-352b8f31f216,Charlie Tasker,true
db100fc4-014e-4885-821d-e58e75ba7b2a,Abdallah Sima,true
c6677205-fea4-4d34-a658-598ec89e3c2f,Tom Watson,true
9858f4ff-8524-4a7a-a918-b885dbbe672e,Malick Yalcouyé,true
d8b398a5-c466-4f3e-82c1-3b674cffb7c8,Stefanos Tzimas,true
78b49aa9-73ed-4667-89db-8fd7b6a24104,Charalampos Kostoulas,true
13be3147-4bef-4613-8472-82b94f305fcd,Nehemiah Oriola,true
c395b9a2-45d9-49af-b107-70fdf588034d,Freddie Simmonds,true
3a760bdc-2151-45df-b3e4-518c0d97e81d,Harry Howell,true
df2e5ec0-960b-42e4-b9c4-2d0593b49273,Mike Penders,true
9c195ceb-7acc-4b9d-a707-cd4ac3340f07,Gabriel Słonina,true
e51d19df-18b0-4a28-8c3b-ea5d199f2252,Mamadou Sarr,true
faf51dbf-9abf-4c45-8be3-01866db48561,Estêvão Almeida de Oliveira Gonçalves,true
07b70ca9-5991-4de8-91e1-48a13b9a2533,Jamie Bynoe-Gittens,true
703cf6e8-6b6f-43e6-bb9e-10415ec3bc79,Dário Luís Essugo,true
b71957d8-d91d-462e-bbe3-a2404e270c3b,Kendry Páez Andrade,true
aae806e0-9c1d-434e-a9db-1e5f5787b3f0,Jorrel Hato,true
4521be15-24bd-4fbd-9440-5b6416d61b11,Landon Emenalo,true
3bd16c1f-a031-44b4-a50c-b6ba1805f7ed,Max Merrick,true
8cadc27c-78e8-42f7-998c-adecb9719d31,Teddy Sharman-Lowe,true
2cc3182b-648a-462b-ae1c-b6e3029764fc,Jesse Derry,true
29da4cc1-15b0-4153-b967-eca492bc9160,Mathis Eboué,true
68142031-e47a-4b3f-aa62-8fc82cfabcb7,Ryan Kavuma-McQueen,true
110b5e40-012d-40a1-a4f6-7a8dd3577e32,Walter Benítez,true
9d4c256f-4e58-48e8-85b9-3220349b124f,Borna Sosa,true
844f4bef-b076-4494-a416-6620adc76b35,Evann Guessand,true
563ea4ef-6a1c-4f5c-83cf-f5df6b946cc0,Rio Cardines,true
d60ca0b4-6c07-4e7e-9dd6-1a8f5bb807cc,Yéremy Pino Santos,true
e8542eaf-c756-4ee5-9398-365773676f59,Jaydee Canvot,true
0da7cad4-0eda-42bd-8235-fddd42a644ef,Christantus Uche,true
4696ed36-622a-46dd-ae4a-f44988d9f0ab,Joél Drakes-Thomas,true
467d16d7-91c1-4e76-87ed-08fff566b19f,Dean Benamar,true
6774c343-7a31-4046-9f75-d8368d985e16,Ben Casey,true
4872d622-de0b-477e-82ce-ab2619781460,George King,true
960e06c6-602d-4b33-b050-428df9c4fd05,Danny Imray,true
950142b2-44d2-4f2b-a3fc-36ee6934d69f,Harry Tyrer,true
81fc2872-eb98-4f18-afed-6013f0bc66a1,Reece Welch,true
49b2de31-efe5-4781-8658-8ef59262a45d,Thierno Barry,true
a1d3fbc5-6afa-4331-a53c-01fd44bddd7c,Adam Aznou,true
61fd040a-2a9b-4046-bf92-682d3b5ee405,Tyler Onyango,true
fd6b0bfa-e94a-4356-8849-6e503548ef11,Elijah Campbell,true
74591a67-54a5-4eaa-bec2-37a0b6ba973e,Merlin Röhl,true
a60aea8e-bf25-4dd9-8d15-eef355251f1e,Braiden Graham,true
299dfcf6-8fe4-418c-8c6f-3903d20c4779,Benjamin Lecomte,true
01b1421f-9874-4630-a023-e175c6c710d1,Samuel Chukwueze,true
2c5e3c83-a97a-486a-8107-dcfb3f27e0a5,Kevin Santos Lopes de Macedo,true
44ba52ac-2afe-4eb4-83b0-492817ba10b1,Jonah Kusi-Asare,true
0410c4b4-c5ae-4964-9c28-23c0514a101b,Seth Ridgeon,true
7d302ab3-7eb6-479f-91dc-0cbe50fe9418,Alfie McNally,true
f6bc9a94-bd54-4442-a82b-ff3618209116,Illan Meslier,true
f811b131-bd7c-4398-b921-a5a5799561a2,Alex Cairns,true
bfa7b9dc-bd5a-4874-8671-c0ed83dfeb0c,Karl Darlow,true
a2802682-bc33-4a6b-b2c1-724a93d6830e,Jayden Bogle,true
2dd169d2-509a-4993-ba91-6349e20df845,Pascal Struijk,true
a4512a38-c9e8-4276-8cae-77d2afe58aa6,Jaka Bijol,true
0be24c77-a34a-4723-a43a-b959d525f313,Sebastiaan Bornauw,true
2730357e-9a2a-4b63-ae77-345a50627fca,Sam Byram,true
08cab054-adb9-4f26-9e36-9f18897f3b16,Gabriel Gudmundsson,true
2145cb57-1e29-45d2-bcce-4cd84f6243b5,Joe Rodon,true
66763589-c3aa-486e-a6a4-ff7de250212e,Isaac Schmidt,true
469b1e86-8e93-4bb9-8bd0-fd9ddcb1075f,Brenden Aaronson,true
61ca5bdd-7e14-447c-8e47-54b3349e7b09,Wilfried Gnonto,true
8d8f7c6c-be45-45ff-8d3b-b9ae64e07b9e,Daniel James,true
7b5cc5b5-7aae-4a8d-9ed1-e567f802cc6a,Ethan Ampadu,true
d038aa1f-d61b-4957-ae14-813f44862f63,Sam Greenwood,true
f61fc53a-22f9-4be7-9679-f9db4c5516d2,Ilia Gruev,true
a78de008-6ea6-4db6-88fc-94b74016f042,Largie Ramazani,true
f5980244-5e18-4a4d-99d0-95cf10b83b4d,Tanaka Ao,true
20b2400f-41ec-4778-8975-36a3caa497ba,Charlie Crew,true
534c4433-20e0-4a65-a210-f561bb424741,Joe Gelhardt,true
4c156eaf-44c1-468d-9757-35331d66ebe7,Darko Gyabi,true
44fe132a-5fa0-4510-9433-1457a994a5a8,Joël Piroe,true
3c3d363f-5a99-4862-818f-330ad7a70482,Patrick Bamford,true
3f7d4955-3c72-41cb-a9d5-b304175a295f,Mateo Joseph Fernández-Regatillo,true
f1b76ad1-eb2c-4609-8e11-c4c75a9c0b5d,Lukas Nmecha,true
af06eb0f-d679-4b50-b0e1-14cab602991d,Anton Stach,true
342c7c81-08f2-4ead-a6e9-eeb112ad9d48,Lucas Estella Perri,true
388f57c9-3041-47f7-8b9a-e517164d0b7b,Noah Okafor,true
9fa07b42-5eab-47dd-adea-14e198ee9c94,Harry Gray,true
db1fc670-1800-46cf-9e4b-52a48c7cd414,Sam Chambers,true
339b006a-a61c-499f-844e-2c386bcb912e,Jayden Lienou,true
5cc0d215-d5d4-45b3-af5b-bd01530e0311,Rhys Chadwick,true
8c7bf2ec-b723-4cee-b203-717a8f6af630,Alfie Cresswell,true
64b1a57c-753c-4b0e-9c5f-86bbaaa374a4,Giorgi Mamardashvili,true
c50eefc4-0ce3-4575-83aa-7f746377fb98,Ármin Pécsi,true
84d38cc9-bc39-4672-8b53-faf8a5100a96,Freddie Woodman,true
85aac69a-bc63-40d0-8755-354a03fd69aa,Jeremie Frimpong,true
4c6a6f18-c1ea-455d-954f-c922e26a2530,Calvin Ramsay,true
327e3d79-232d-4484-b1f1-43aaa0942e81,Florian Wirtz,true
84b69e98-390d-476c-9d22-4fff6ced5ad0,Hugo Ekitiké,true
26e44f55-b45e-40e6-9e19-ae50bd7ef048,Rio Ngumoha,true
391904fa-ad1d-4b28-9d9a-6dd11809b9e5,Giovanni Leoni,true
b60acbd9-f275-486a-adcb-1605a7034843,Kieran Morrison,true
4ec14890-71ba-4e28-af6c-00ce47c8410a,Wellity Lucky,true
ab475111-a65b-495f-891c-d90a71aa0489,Will Wright,true
abb828d9-75cb-46c0-a5cd-3d4917f6da5e,Talla Ndiaye,true
72c2916b-461c-41b9-aad4-0cfbd4866cc5,James Trafford,true
a9964c35-21a3-4eff-a609-0b960532b723,Rayan Cherki,true
48976bbe-e0a6-4695-b993-e2231c2bddfe,Tijjani Reijnders,true
008f6059-3542-4558-8535-60c083e77012,Sverre Nypan,true
da4d28b6-6b8e-41c9-b410-11fd8543dfb8,Gianluigi Donnarumma,true
2acd128c-7464-4303-aba2-44a9f4c8cd47,Divine Mukasa,true
948b65ef-e9d3-403a-87af-0473b44c428d,Stephen Mfuni,true
b695d829-61fd-4513-8199-4ab553767fb5,Ryan McAidoo,true
71e87d67-e5e2-42ae-bc39-bf79a1f6fb34,Charlie Gray,true
54468bd1-fd06-4348-9c84-3166c4cf40a8,Reigan Heskey,true
2d43fc58-918d-4162-ab81-ca56878f2e46,Dermot Mee,true
3b9090fd-c44a-4113-b1be-4e97fb690015,Diego León Blanco,true
85119164-5ae7-4f6f-80b1-092a42162193,Benjamin Sesko,true
bb7748e2-2ef7-4421-8859-c247f34a47c3,Senne Lammens,true
a455a99c-7d01-45c4-a87b-9a60e64d8d46,Shea Lacey,true
ff5ce571-a1e3-41d5-b275-b30305063708,Bendito Mantato,true
bd8e0743-5b08-4f54-8d1e-c20451e3ded3,Tyler Fletcher,true
1fc7bcd4-95a7-4375-8fc6-717d8724ae57,Jim Thwaites,true
ebb5d965-7b31-4fcd-b112-cec4474abe3e,Mark Gillespie,true
1e94f3f7-b3a9-4a9b-908e-efdca4903a94,Harrison Ashby,true
e48f8c8d-4ddd-47fe-8ded-e1c27e46b2c4,Antoñito Cordero Campillo,true
c8edcf75-9425-4ebc-90b1-3bf2f679e115,Sean Neave,true
ef6b540e-642d-4b54-95d8-a1c563ddd79e,Malick Thiaw,true
dd466680-ba84-408d-89b0-c7e483d597b3,Seung-Soo Park,true
c04f867b-36d2-434d-a473-384c086a4651,Nick Woltemade,true
bdbd5de0-b151-4a6f-9e5e-a46bc128c8f0,Leo Shahar,true
0724a32b-dee2-4dc8-aeef-99df3f5c293f,Sam Alabi,true
c62d4152-8c36-4bc7-87f3-320f6f7092bf,David Mota Veiga Teixeira do Carmo,true
7cbdcb07-d703-40df-98b5-5e101234a66e,Jair Paula da Cunha Filho,true
e8567870-86fe-4347-8ba0-117b5faaab95,Marko Stamenić,true
f54fb77a-5b11-4bc9-826b-aaa232a30ff1,Igor Jesus Maciel da Cruz,true
45f173af-3825-4fe8-a590-5d88bd90b2c4,Dan Ndoye,true
7aec56ec-d366-4387-8805-091972b29540,Angus Gunn,true
62bd7bd2-92b2-48fb-8a6a-117defecfe5e,Arnaud Kalimuendo,true
4147179e-ef8a-4411-90ae-c1e6f013aab9,John Victor Maciel Furtado,true
492147bd-d7b8-464e-9e3b-af7bb5a4a224,Nicolò Savona,true
e2bc2802-2f16-4e94-8238-7d3f8ac255c0,Luis Eduardo Soares da Silva,true
440cb15b-01cb-471a-a5d8-92ce0759188d,Dilane Bakwa,true
5475cca1-baf6-4309-a30c-584b716f39d2,Lorenzo Lucca,true
99f870a9-636c-448f-b815-32781c98a884,Luca Netz,true
128d3053-fc28-44af-b0d8-2a235f95a35e,Archie Whitehall,true
1a6336d2-5c95-42e9-aef2-3500c474ac39,Jimmy Sinclair,true
a4685873-562e-4e63-8bd6-d964a8342518,Lamin Sillah,true
6c23d615-5f8e-4b9e-9c94-ce4a37ac31be,Anthony Patterson,true
75420585-e994-4f50-ac88-3a0a6cd67521,Simon Moore,true
2912cab1-b49c-427d-a2f3-46c96d4ca77e,Blondy Nna Noukeu,true
4a0710a2-b07d-4519-9416-714f8642b646,Daniel Ballard,true
5d9ac816-8619-4d2f-b167-9f64ea8e0180,Trai Hume,true
11c5fb5d-554f-46d4-a3f0-43103e82d6b4,Aji Alese,true
2441d011-1e93-4a32-b7d0-1418f1a9594d,Joe Anderson,true
4711c6c7-796d-4590-8718-5c0c137bf953,Dennis Cirkin,true
e3f07bf9-da8a-47b0-b7ea-10e99cb1c7ed,Leo Fuhr Hjelde,true
f0ffe8c3-0d4c-4896-a6bf-6698f03b7745,Niall Huggins,true
ba823f3c-13c6-4954-bf15-7d17a0c1dd9f,Zak Johnson,true
bc328d2f-bd7c-4e75-9a00-4cc0beb398fe,Luke O'Nien,true
2e17063c-4c61-48a4-9071-8656d80b8d86,Timothée Pembélé,true
a5326f15-e26f-435d-8afa-4162227a9125,Reinildo Mandava,true
de2f7a1e-0cd0-4e31-a0ac-339781606f30,Jenson Seelt,true
bbbc56f9-32e4-49c6-9feb-a3468e1c684f,Habib Diarra,true
ba096756-1a44-4b69-b556-cc908f90bc45,Patrick Roberts,true
240bccd6-3440-49d9-b4b6-42c0155ae6f5,Milan Aleksić,true
d4219aa9-a443-42da-a605-2fdf63d60e9d,Enzo Le Fée,true
b8cc856e-9652-4708-8371-9de05b04f0ee,Romaine Mundle,true
068b1f72-1d9f-4053-8da4-1f5f9db3d9ca,Dan Neil,true
a228ca2d-32c8-45e6-8063-6e6b888eb965,Ian Poveda-Ocampo,true
664c3d00-a241-494d-9293-817fabf72bd2,Chris Rigg,true
e102e6cf-97e9-42b1-854a-56adc897ff0f,Noah Sadiki,true
6200c731-d783-4738-821f-bf7faead0e61,Chemsdine Talbi,true
eb844860-49db-4984-a05d-0b0e30d7371f,Abdoullah Ba,true
e03467ef-1c66-4910-a2b5-4cfe0992c55e,Alan Browne,true
553cf544-4aaa-445d-9c2d-5a34bbc631e9,Pierre Ekwah Elimby,true
354368e9-44f7-498c-aa89-35d943e3709b,Harrison Jones,true
0012a9df-b0af-4082-90a5-869320cc273a,Jay Matete,true
0772d2e7-67aa-4543-8045-03d7408dd2ea,Nectarios Triantis,true
e6c49be6-27e1-42ce-bc31-fdf83587c25c,Wilson Isidor,true
05d1cd37-3413-413e-a5fd-39e6399b4b6d,Eliezer Mayenda Dossou,true
5ba36b87-0826-4e5e-a854-754167085581,Ahmed Abdullahi,true
c9182152-dade-4124-a3b4-35ca86288c6c,Luís Hemir Silva Semedo,true
3705b102-1562-4193-bcc4-8311d85fae1a,Nazarii Rusyn,true
b37ab2f2-36b1-4b02-bfe1-5cf9b94756b1,Granit Xhaka,true
53719956-8c27-4a5d-8dc9-c13ba9c77e3a,Robin Roefs,true
e560e6c4-b226-4e09-9305-e0f0f89ec7c8,Arthur Masuaku,true
640f552c-5304-4212-a861-92b6428b71ad,Omar Alderete,true
32c9ecd1-ba4e-448e-91d8-2e503e65b2e8,Nordi Mukiele,true
320c3b76-7ee1-42cc-a9c7-a54804af8ddd,Lutsharel Geertruida,true
d2aa0676-ff0a-49eb-92f9-d4bae6c7c62e,Brian Brobbey,true
a49eec77-b57e-4882-a728-48590b2139d2,Bertrand Traoré,true
33bbd9f6-6965-4b86-b586-b594340bd213,Jenson Jones,true
9352800b-9bac-479e-833e-9356775ab624,Tymur Tutierov,true
7c358e50-fa29-4835-ac10-5d6ee8468bc0,Djiamgone Jocelin Ta Bi,true
2203a9c7-e0af-4fae-9246-040b64f08202,Melker Ellborg,true
f40d8384-4acc-4821-bd89-10a1474e0227,Nilson Angulo,true
33d26514-c254-46a5-a204-3edc654ad7a1,Jack Whittaker,true
2b1150fd-f2a5-480f-90d2-7de6a0ed51d2,Jaydon Jones,true
895f52bd-21ff-4984-b8ff-1da590f0f6d6,Takai Kōta,true
918248bd-6402-486f-a13a-0f4250427ee7,Luka Vušković,true
5f86cb6b-ae70-4315-8d4b-ba0bf1882b9f,João Maria Lobo Alves Palhares Costa Palhinha Gonçalves,true
608f0e7e-848a-4d91-a61f-c97d4916834c,Xavi Simons,true
077808be-c653-4c78-ae95-999d586127c5,Randal Kolo Muani,true
34bb5bca-8ae3-4ddb-8361-41da8c3dc2c3,Jun'ai Byfield,true
b5a7034d-e9e5-4cd8-839a-22efab30c311,James Rowswell,true
27ef929f-dc05-43ae-b7a3-b1e79f21b545,Yusuf Akhamrich,true
538499c9-8845-4af1-9ba4-20c8f37dff9a,João Victor de Souza Menezes,true
7327cc8d-a821-456b-946c-dd5374f643eb,Rio Kyerematen,true
d1f67d0d-11a3-4d82-a60b-90f0479f0e50,James Wilson,true
b5cd5a56-41f7-4134-853f-62dff3140ddd,Krisztián Hegyi,true
47d990fb-4762-441d-9981-5afd8ed15938,El Hadji Malick Diouf,true
97976de7-0e71-4bfd-a2d9-87c80343f187,Freddie Potts,true
1474abcc-b607-4ad4-a5ac-61315e2e36d6,Callum Marshall,true
8daad36b-7102-4288-85f6-67531e40d176,Soungoutou Magassa,true
76655ede-839c-47b5-a12a-de89ce660f33,Airidas Golambeckis,true
9c938ca6-ca55-4cd8-a941-e48dfd05cc84,Mohamadou Kanté,true
f6b5bcd7-a984-492a-a100-a71b5fbc1622,Pablo Felipe Pereira de Jesus,true
88fc83b5-bf09-4936-8834-f9d9d476350d,Valentín Castellanos,true
6847702c-365b-4701-b202-70d7b140e906,Keiber Lamadrid,true
e656fc13-f025-4478-9384-9b26fcf40b8c,Finlay Herrick,true
38938b13-e94e-4d1b-9a66-57cc4a59849f,Fer López González,true
a5410f19-37f7-4f7c-8fea-3801901f8d58,Jhon Arias,true
93faf8ab-dc87-4b45-9d60-dd1aa1dc1a6a,David Møller Wolfe,true
640ab1dd-d21b-4a35-94ff-a15d8778a6df,Jackson Tchatchoua,true
d938f509-22b2-42c4-8a7b-38c0a2557740,Ladislav Krejcí,true
3cefae93-5bb1-490c-b1a5-8033f33fb092,Tolu Arokodare,true
d84b9e5b-c325-4493-a7f0-508cdb7eff97,Saheed Olagunju,true
c8f02a4a-57c7-40dc-bcfc-211079c6a04c,Luke Rawlings,true
af80dc86-4ab4-4d2d-942c-fad5285fc083,Temple Ojinnaka,true
fc0a2c59-4da8-4694-b676-b23c1709857e,Ethan Sutherland,true
05aaece7-7936-476f-b24f-d773e9f536c7,Jerome Abbey,true
c62e7cd9-965a-4a3a-9647-229ae006068b,Angel Gomes,true
a73e128b-3fe2-4723-8273-3871b0f388af,Alfie Brooks,true
24830da7-016e-4f23-a67d-75d1737e8938,Josh Gracey,true
0b7ac7b7-f7d6-45ee-bb19-603967490b84,Olabade Aluko,true
417e057b-d6ce-4bfa-a7b3-364737fb000f,Jake Evans,true
c9e3f549-7fdb-4998-986c-9ccd76921c41,Jay Robinson,true
c647944c-f0e3-49ce-82ed-353de29fbf59,Jeremy Monga,true
a3afdebc-8bc0-45cd-8af0-a425a85d8262,Christos Tzolis,true
a6551287-c0ed-446a-a704-e6a4ff6366d3,Johan Manzambi,true
adf96c1f-dfb8-49e7-b3eb-b42eaac75092,Álvaro Rodríguez,true
0b055329-aede-4daa-a221-d41a28258217,Jannik Schuster,true
3da55ff0-aee9-4f7d-9b38-ea32b3f7388e,Michael Svoboda,true
3ccfce61-e241-4de3-a7b8-e543ac63180c,Zadok Yohanna,true
ed7ba084-f76d-4cca-84e1-2fe821840afc,Marco Palestra,true
e1f5691b-37cd-491b-a862-490ef61a0119,Geovany Quenda,true
85bb0232-13c7-4561-9e37-87525ef2d1ac,Emmanuel Emegha,true
9f790490-0384-43cb-85ec-3ef0329999d5,Oliver Dovin,true
fda5dda8-86b8-4c67-9fa1-561ec862a590,Ben Wilson,true
55dde1e9-253f-4358-b7dd-04a04483243a,Bobby Thomas,true
ac1a8798-cc17-4512-a487-6638869cd904,Liam Kitching,true
32863b18-983a-48ab-a695-abd7ae88266b,Milan van Ewijk,true
05d5fc66-9557-4137-b749-d4a2d10baa98,Jay Dasilva,true
878e88d6-d3b7-4b63-9fd3-a2de98e5a2db,Jake Bidwell,true
30930387-e095-46a3-9b21-4a91892053bd,Joel Latibeaudiere,true
213ee8e3-f6b3-4dbe-b858-987eca249cfb,Miguel Brau,true
d36dca07-1c87-49ce-9d63-ede77d9d37f9,Aurèle Amenda,true
fc2d8a43-8060-4aed-b29f-cf76dd07adaa,Jack Rudoni,true
d6097561-05a2-4165-b201-b1b48f131d31,Matt Grimes,true
245705e4-8140-46db-ab21-ed494f56bfa2,Tatsuhiro Sakamoto,true
43fca5e9-98bf-4e96-b034-589814a82205,Ephron Mason-Clark,true
b29ca6a6-7d50-4b6b-bcf3-905a154c6b97,Josh Eccles,true
c5edb3b5-ad1e-4150-8835-9bd6142d6ad9,Victor Torp,true
105466eb-69f8-4909-93e9-01e2fa211ab7,George Shepherd,true
caf57261-0eca-46a2-92a6-7146313c8505,Raphael Borges Rodrigues,true
9629dc27-2998-44c5-8bb8-4cfdd84e6dd2,Kaine Andrews,true
cf142819-7af7-43ec-9fd2-1fe8b63e652a,Haji Wright,true
8082bf77-53f1-4071-b7b5-8c6ef6032ae1,Brandon Thomas-Asante,true
eef2d3d9-a0d2-45a7-982a-8f1018845250,Ellis Simms,true
15d290c0-0896-41e2-939c-33d6ab313f07,Jahnoah Markelo,true
7535b09c-7bbe-4a71-b52e-3f514a7c7a8f,Norman Bassette,true
7c63082d-1d60-4bbc-b471-3f268b8fce67,Oscar Mingueza,true
9e66c0ab-9d1a-4416-9f12-cc2dd18940da,Hayden Hackney,true
2603d8bb-24f5-4e4b-b6ea-8e75ecd804fd,Dillon Phillips,true
14709931-a609-4f06-9e07-dcd48229d04a,Harvey Cartwright,true
3077c5c8-faea-42b4-b40d-712d8c3f1956,Thimothée Lo-Tutala,true
a570a651-667c-43cd-8c93-a8f5f7ca9aec,John Egan,true
cf761237-9474-465d-8a62-26304d89e4c9,Charlie Hughes,true
d4503d72-224e-461f-8fa6-b412e679eb15,Semi Ajayi,true
6be776c5-2d25-4fec-a9af-7671e76c8448,Lewie Coyle,true
e2e312e8-2095-42bc-976d-061f7dd24cc7,Cody Drameh,true
63f0a34a-dbdf-468d-a4e0-1857239b4436,Ryan Giles,true
81071cbd-3a81-46fe-bbe6-3fd07c8c23f9,Matty Jacob,true
3ec3017d-d063-4ecc-b432-63abe867433e,Cathal McCarthy,true
a50d8c4c-28e7-41f6-b1d4-0b80e16d34c2,Paddy McNair,true
708f7179-9742-4cb6-b099-d28e5ca518ae,Mohamed Belloumi,true
cc44c265-126d-4095-8692-b0f6ff9deaf3,Liam Millar,true
5fd17d2f-25f4-4a42-a3f2-e6a09d563e9c,Kieran Dowell,true
72dde63a-2b6a-4e60-a0fd-4f2ee30aca35,Matt Crooks,true
dbff7fc3-e231-4499-a532-5b62dbf443a2,Regan Slater,true
cb676ac8-a7d2-4dc6-8fdd-bb1ae63d1c7e,Eliot Matazo,true
9afceeca-dc82-4196-b3cf-9802a84722b1,Abdülkadir Ömür,true
4b72cc76-b054-4a2a-ac6b-0f0107f983f0,Abu Kamara,true
c252931f-e2d0-41c5-9116-67dcc0360b27,Óscar Zambrano,true
336a573d-80ea-4fe6-8c83-5b2f6ff192e9,Oli McBurnie,true
a5a359d7-999e-4b69-871f-08914f0eb104,David Akintola,true
737d155a-372e-450d-9340-888fdd147f5a,Enis Destan,true
852d68b3-2e77-4eb1-9c6a-b2d7c335f6e3,Mason Burstow,true
f4a26137-bb1b-4d44-b80f-9498e0755892,David Button,true
920a9804-5d45-4827-adeb-85a5a95ea7c6,Cédric Kipré,true
a4344bc6-a718-4bdf-ba73-1ed1fb63e26d,Darnell Furlong,true
ee767f12-8cf3-42e6-8217-d0a339972e56,Marcelino Núñez,true
91250e9e-494d-486f-b365-ae2b5d9c164a,Azor Matusiwa,true
43c79960-fdfb-4a57-9b3d-8ffeac0d1be9,Emersonn Correia da Silva,true
041f7076-2687-41bf-bdd2-75b73ad49f2c,Chuba Akpom,true
8edd17ea-a962-43ac-aad8-8cb838fdf8a7,Sindre Walle Egeli,true
02b42411-3eaa-4dfb-add0-9d5f4d8db63b,Anis Mehmeti,true
67534ff8-6a41-4cb8-b08e-54e149dcbca6,Kayne van Oevelen,true
07cf5c74-3ac0-4b06-9dce-f15f566b8090,Tarik Muharemović,true
4610fa2c-4e95-43ae-81e3-f9069fcbfc68,Jeremy Jacquet,true
2ab0deda-b17a-4aef-84d9-1722dccdef0b,Victor Munoz,true
8685235e-13e5-4d66-9de5-9a799c8a08a7,Lewis Koumas,true
7ffb3735-d09d-4551-bd5f-c0b26652d232,Ewen Jaouen,true
82db57af-5251-4f94-8bfb-4caccc305893,Bazoumana Touré,true
23c57a77-9d43-4dd3-b7ed-eff7990d0f78,Sean Steur,true
c0e05294-9695-4889-b88d-30745e5f990b,Tyler Bindon,true
8d36e841-77f0-471f-8482-149a7513e00a,Xaver Schlager,true
e13c3f18-d442-4728-bb7a-744b00078e27,Thomas Meunier,true
9479d02e-1326-4a32-a3a0-3517f858eeb2,Jack Butland,true
